,9:30~10:00,10:00~10:30,10:30~11:00,11:00~11:30,11:30~12:00,12:00~12:30,12:30~13:00,13:00~13:30,13:30~14:00,14:00~14:30,14:30~15:00,15:00~15:30,15:30~16:00,department
62001,0,0,0,0,0,0,0,0,0,0,0,0,0,0
62002,0,0,0,0,0,0,0,0,0,0,0,0,0,0
62003,0,0,0,0,0,0,0,0,0,0,0,0,0,0
62004,0,0,0,0,0,0,0,0,0,0,0,0,0,0
62005,0,0,0,0,0,0,0,0,0,0,0,0,0,0
62006,0,0,0,0,0,0,0,0,0,0,0,0,0,0
62007,0,0,0,0,0,0,0,0,0,0,0,0,0,0
62008,0,0,0,0,0,0,0,0,0,0,0,0,0,0
62009,食品-焼き鳥-補充＆トレイ交換,食品-焼き鳥-受け渡し,0,食品-焼き鳥-味付け,0,0,0,0,食品-焼き鳥-味付け,0,食品-焼き鳥-iPad,0,0,0
62010,0,食品-綿飴-作成補助,0,0,0,0,0,0,0,0,0,0,0,0
62011,0,0,0,0,0,0,0,0,0,0,0,0,0,0
62012,0,0,0,0,0,0,0,0,0,0,0,0,0,0
62013,0,0,0,0,0,0,0,0,0,0,0,0,0,0
62014,0,0,0,0,0,0,0,食品-フランク-茹で,食品-フランク-受け渡し,0,0,食品-フランク-盛り付け,0,0
62015,0,0,0,0,0,0,0,0,0,0,0,0,0,0
62016,0,0,0,0,0,0,0,0,0,0,0,0,0,0
62017,0,0,0,0,0,0,0,0,0,0,0,0,0,0
62018,0,0,0,0,0,0,0,0,0,0,0,0,0,0
62019,0,0,0,0,0,0,0,0,0,0,0,0,0,0
62020,0,0,0,0,0,外務-フロア整理-3F 中学,0,外務-食品システム-受渡列最後尾,外務-入場受付-第2レーン,外務-フロア案内所-2F 中学,外務-食品システム-販売列整理,0,0,0
62021,0,0,0,0,0,0,0,0,0,0,0,0,0,0
62023,0,0,0,0,0,0,0,0,0,0,0,0,0,0
62024,0,0,0,0,0,0,0,0,0,0,0,0,0,0
62025,0,0,0,0,0,0,0,0,0,0,0,0,0,0
62026,0,0,0,食品-綿飴-作成,食品-綿飴-作成補助,食品-綿飴-作成補助,0,0,食品-綿飴-受け渡し,0,0,0,0,0
62027,0,0,0,0,0,0,0,0,0,0,0,0,0,0
62028,0,0,0,食品-焼き鳥-受け渡し,0,0,0,0,0,0,0,0,0,0
62029,0,0,0,0,0,0,0,0,0,0,0,0,0,0
62030,0,0,食品-綿飴-作成,0,食品-綿飴-作成,0,食品-綿飴-作成補助,0,0,0,0,食品-綿飴-作成,0,0
62031,0,0,0,0,0,0,食品-フランク-茹で,0,0,0,0,0,食品-フランク-受け渡し,0
62032,0,食品-綿飴-作成,0,0,食品-綿飴-作成,0,0,食品-綿飴-作成,0,0,0,0,食品-綿飴-作成,0
62033,0,0,0,0,0,0,0,0,0,0,0,0,0,0
62034,0,0,0,0,0,0,0,0,0,0,0,0,0,0
62035,0,0,0,0,0,0,0,0,0,0,0,0,0,0
62036,0,食品-クレープ-受け渡し,食品-クレープ-受け渡し,0,食品-クレープ-生地焼き,0,0,会計-ピロティ1,食品-クレープ-運び屋,0,0,会計-ピロティ2,食品-クレープ-運び屋,0
62037,0,0,0,会計-ピロティ4,0,会計-音楽喫茶,0,0,会計-ピロティ4,会計-ピロティ1,0,0,0,0
62038,0,0,0,0,0,0,0,0,0,0,0,0,0,0
62039,0,0,0,0,0,0,0,0,0,0,0,0,0,0
62040,食品-焼き鳥-受け渡し,0,食品-焼き鳥-味付け,食品-焼き鳥-受け渡し,0,0,0,食品-焼き鳥-受け渡し,食品-焼き鳥-パック詰め,食品-焼き鳥-補充＆トレイ交換,0,食品-焼き鳥-焼き,食品-焼き鳥-受け渡し,0
62041,0,0,0,0,0,0,0,0,0,0,0,0,0,0
62042,0,0,0,0,0,0,0,0,0,0,0,0,0,0
62043,0,0,0,0,0,0,0,0,0,0,0,0,0,0
62044,食品-クロッフル-焼き,0,0,0,0,食品-クロッフル-シロップ,0,0,食品-クロッフル-焼き,0,0,0,食品-クロッフル-箱出し,0
62045,0,0,0,0,0,0,0,0,0,0,0,0,0,0
62046,0,0,0,0,0,0,0,0,0,0,0,0,0,0
62047,0,0,0,0,0,0,0,0,0,0,0,0,0,0
62048,0,0,0,0,0,0,0,0,0,0,0,0,0,0
62049,0,0,0,0,0,0,0,0,0,0,0,0,0,0
62050,0,0,0,0,0,0,0,0,0,0,0,0,0,0
62051,0,0,0,0,0,0,0,0,0,0,0,0,0,0
62052,0,0,0,0,0,0,0,0,0,0,0,0,0,0
62054,0,0,0,0,0,0,0,0,0,0,0,0,0,0
62055,0,0,0,0,0,0,0,0,0,0,0,0,0,0
62056,0,0,0,0,0,0,0,0,0,0,0,0,0,0
62057,0,0,0,0,0,0,0,0,0,0,0,0,0,0
62058,0,0,0,0,0,0,0,0,0,0,0,0,0,0
62059,0,0,0,0,0,0,0,0,0,0,0,0,0,0
62060,0,0,0,0,0,0,0,0,0,食品-綿飴-作成補助,0,食品-綿飴-作成補助,0,0
62061,0,0,0,0,0,0,0,0,0,0,0,0,0,0
62062,0,0,0,0,0,0,0,0,0,0,0,0,0,0
62063,0,0,0,0,0,0,0,0,0,0,0,0,0,0
62064,0,0,0,0,0,0,0,0,0,0,0,0,0,0
62065,0,0,0,0,0,0,0,0,0,0,0,0,0,0
62066,0,0,0,0,0,0,0,0,0,0,0,0,0,0
62067,0,0,0,0,0,0,0,0,0,0,0,0,0,0
62068,0,0,0,0,0,0,0,0,0,0,0,0,0,0
62069,0,美化-立ち番-中庭,美化-立ち番-食券機前,0,0,0,0,美化-掃除-BCF階段,美化-掃除･消毒-1階,美化-掃除-ADE階段,0,0,0,0
62070,0,0,0,0,0,0,0,0,0,0,0,0,0,0
62071,0,0,0,0,0,0,0,0,0,0,0,0,0,0
62072,0,0,0,0,0,0,0,0,0,0,0,0,0,0
62073,食品-塩焼きそば-鉄板,0,食品-塩焼きそば-パッキング,0,0,0,食品-塩焼きそば-鉄板,0,0,0,食品-塩焼きそば-受け渡し係,0,0,0
62074,0,0,0,0,0,0,0,0,0,0,0,0,0,0
62075,0,0,0,0,0,0,0,0,0,0,0,0,0,0
62076,0,0,食品-クロッフル-箱出し,0,0,0,0,0,0,0,0,0,0,0
62077,0,0,0,0,0,0,0,0,0,0,0,0,0,0
62078,0,0,0,0,0,0,0,0,0,0,0,0,0,0
62079,0,0,0,0,0,0,0,0,0,0,0,0,0,0
62080,0,0,0,0,0,食品-クレープ-運び屋,外務-総合案内所,外務-入場受付-第4レーン,0,食品-クレープ-生地作り,外務-フロア整理-2F 高校,0,0,0
62081,0,0,0,0,0,0,0,0,0,0,0,0,0,0
62082,食品-クレープ-IPAD,食品-クレープ-トッピング,食品-クレープ-受け渡し,0,0,0,食品-クレープ-生地焼き,0,0,0,食品-クレープ-トッピング,会計-綿あめ,0,0
62083,0,0,0,0,0,0,0,0,0,0,0,0,0,0
62084,0,0,0,0,0,0,0,0,0,0,0,0,0,0
62085,0,0,0,0,0,0,0,0,0,0,0,0,0,0
62086,0,0,0,0,0,0,0,0,0,0,0,0,0,0
62087,0,0,0,0,0,0,0,0,0,0,0,0,0,0
62088,0,0,0,0,0,0,0,0,0,0,0,0,0,0
62089,0,0,0,0,0,0,0,0,0,0,0,0,0,0
62090,0,0,0,0,0,0,0,0,0,0,0,0,0,0
62091,0,0,0,0,0,0,0,0,0,0,0,0,0,0
62092,0,0,0,0,0,0,0,0,0,0,0,0,0,0
62093,0,0,0,食品-綿飴-作成補助,0,食品-綿飴-作成補助,0,0,食品-綿飴-作成,0,0,0,0,0
62094,0,0,0,0,0,0,0,0,0,0,0,0,0,0
62095,0,0,0,0,0,0,0,0,0,0,0,0,0,0
62096,0,0,0,0,0,0,0,0,0,0,0,0,0,0
62097,0,0,0,0,0,0,0,0,0,0,0,0,0,0
62098,外務-校門前誘導,0,0,0,0,0,0,0,外務-フロア整理-2F 中学,食品-焼き鳥-運び屋,0,食品-焼き鳥-焼き,0,0
62099,0,0,0,0,0,0,0,0,0,0,0,0,0,0
62100,0,0,0,0,0,0,0,0,0,0,0,0,0,0
62101,0,0,0,0,0,0,0,0,0,0,0,0,0,0
62102,0,0,0,0,0,0,0,0,0,0,0,0,0,0
62103,展示-大賞呼びかけ,0,展示-大賞ペン,放送-PA,0,放送-PA,展示-大賞ペン,0,展示-大賞呼びかけ,0,放送-パーソナリティー,放送-放送受付,0,0
62104,0,0,0,0,0,0,0,0,0,0,0,0,0,0
62105,0,0,0,0,0,0,0,0,0,0,0,0,0,0
62106,0,0,0,0,0,0,0,0,0,0,0,0,0,0
62107,0,0,0,外務-フロア案内所-3F 中学,0,外務-食品システム-販売列整理,0,0,会計-ピロティ5,0,0,0,0,0
62108,食品-フランク-茹で,食品-フランク-盛り付け,0,食品-フランク-デリバリー,0,食品-フランク-IPAD張り付き,食品-フランク-受け渡し,食品-フランク-受け渡し,0,食品-フランク-デリバリー,0,0,食品-フランク-IPAD張り付き,0
62109,0,0,0,0,0,0,0,0,0,0,0,0,0,0
62110,0,0,0,0,0,0,0,0,0,0,0,0,0,0
62111,0,0,0,0,0,0,0,0,0,0,0,0,0,0
62112,0,0,0,0,0,0,0,0,0,0,0,0,0,0
62113,0,0,0,0,0,0,0,0,0,0,0,0,0,0
62114,0,0,0,0,0,0,0,0,0,0,0,0,0,0
62115,0,0,食品-綿飴-作成補助,0,0,食品-たこ焼き-鉄板係,食品-たこ焼き-IPAD張り付き係,食品-綿飴-作成補助,食品-たこ焼き-食品受け渡し係,食品-たこ焼き-パッキング係,0,0,食品-たこ焼き-デリバリー係,0
62116,0,0,0,0,0,0,0,0,0,0,0,0,0,0
62117,0,0,0,0,0,0,0,0,0,0,0,0,0,0
62118,0,0,0,0,0,0,0,0,0,0,0,0,0,0
62119,0,0,0,0,0,0,0,0,0,0,0,0,0,0
62120,0,0,0,0,0,0,0,0,0,0,0,0,0,0
62121,0,0,0,0,0,0,0,0,0,0,0,0,0,0
62122,0,0,0,0,0,0,0,0,0,0,0,0,0,0
62123,外務-入場受付-第4レーン,食品-クレープ-運び屋,食品-クレープ-IPAD,食品-クレープ-トッピング,0,0,0,0,食品-クレープ-生地作り,0,食品-クレープ-運び屋,0,食品-クレープ-生地焼き,0
62124,0,0,0,0,0,0,0,0,0,0,0,0,0,0
62125,美化-立ち番-エレベーター前,美化-掃除-ADE階段,会計-宇宙食,会計-クロッフル,0,0,美化-立ち番-中庭,会計-執事喫茶,美化-掃除･消毒-1階,美化-立ち番-中庭,美化-掃除･消毒-1階,美化-立ち番-高校棟階段前,会計-クロッフル,0
62126,0,0,0,0,0,0,0,0,0,0,0,0,0,0
62127,0,0,0,外務-公道整理-クリーニング,0,0,外務-食品システム-受渡列最後尾,0,0,0,0,外務-フロア案内所-2F 中学,0,0
62128,0,0,0,0,0,0,0,0,0,0,0,0,0,0
62129,0,0,0,0,0,0,0,0,0,0,0,0,0,0
62130,0,0,0,0,0,0,0,食品-塩焼きそば-キャベツ,食品-塩焼きそば-箸、輪ゴム,0,食品-塩焼きそば-デリバリー,0,0,0
62131,0,0,0,0,0,0,0,0,0,0,0,0,0,0
62132,0,0,0,0,0,0,0,0,0,0,0,0,0,0
62133,0,外務-フロア案内所-3F 中学,0,0,0,0,0,0,0,0,0,0,0,0
62134,0,0,0,0,0,0,0,0,0,0,0,0,0,0
62135,0,0,0,0,0,0,0,0,0,0,0,0,0,0
62136,0,0,0,食品-クロッフル-箱出し,0,0,0,食品-クロッフル-箱出し,0,0,0,0,食品-クロッフル-受け渡し,0
62137,0,0,0,0,0,0,0,0,0,0,0,0,0,0
62138,0,0,0,0,0,0,0,0,0,0,0,0,0,0
62139,0,0,0,0,0,0,0,0,0,0,0,0,0,0
62140,0,0,0,0,0,0,0,0,0,0,0,0,0,0
62141,0,0,0,0,0,0,0,0,0,0,0,0,0,0
62142,0,0,0,0,0,食品-塩焼きそば-デリバリー,食品-塩焼きそば-書き込み係,食品-塩焼きそば-箸、輪ゴム,0,0,0,0,0,0
62143,0,0,0,0,0,0,0,0,0,0,0,0,0,0
62144,食品-焼き鳥-iPad,0,0,0,0,0,食品-焼き鳥-焼き,食品-焼き鳥-焼き,0,0,0,食品-焼き鳥-焼き,0,0
62145,0,0,0,0,0,0,0,0,0,0,0,0,0,0
62146,0,0,0,0,0,0,0,0,0,0,0,0,0,0
62147,0,0,0,0,0,0,0,0,0,0,0,0,0,0
62148,0,0,0,0,0,0,0,0,0,0,0,0,0,0
62149,0,0,0,0,0,0,0,0,0,0,0,0,0,0
62150,0,0,外務-入場受付-第4レーン,0,0,0,0,会計-ドリンク,0,0,会計-ピロティ5,0,会計-駅弁,0
62151,0,食品-クレープ-受け渡し,食品-クレープ-生地作り,食品-クレープ-生地作り,0,0,0,0,0,0,0,食品-クレープ-トッピング,0,0
62152,食品-クレープ-受け渡し,食品-クレープ-トッピング,会計-ドリンク,0,食品-クレープ-生地焼き,0,0,0,0,会計-宇宙食,0,外務-フロア整理-2F 中学,会計-ドリンク,0
62153,0,0,0,0,0,0,0,0,0,0,0,0,0,0
62154,0,0,0,0,0,0,0,0,0,0,0,0,0,0
62155,0,0,0,0,0,0,0,0,0,0,0,0,0,0
62156,0,食品-クレープ-運び屋,食品-クレープ-トッピング,食品-クレープ-生地焼き,食品-クレープ-トッピング,0,0,食品-クレープ-生地作り,食品-クレープ-トッピング,食品-クレープ-生地作り,0,食品-クレープ-生地焼き,食品-クレープ-生地焼き,0
62157,0,0,0,0,0,0,0,0,0,0,0,0,0,0
62158,0,0,0,0,0,0,0,0,0,0,0,0,0,0
62159,0,0,0,0,0,0,0,0,0,0,0,0,0,0
62160,0,0,0,0,0,0,食品-綿飴-作成補助,0,0,0,0,0,0,0
62161,0,0,0,0,0,0,0,0,0,0,0,0,0,0
62162,0,0,0,0,0,0,0,0,0,0,0,0,0,0
62163,0,0,0,0,0,食品-綿飴-作成,0,0,0,0,食品-綿飴-受け渡し,0,0,0
62164,0,0,0,0,0,0,0,0,0,外務-フロア整理-2F 高校,0,0,0,0
62165,0,0,0,0,0,0,0,0,0,0,0,0,0,0
62166,0,0,0,0,0,0,0,0,0,0,0,0,0,0
62167,0,展示-大賞消毒,0,0,外務-フロア案内所-4F 高校,0,0,0,0,0,0,0,0,0
62168,0,0,0,0,0,0,0,0,0,0,0,0,0,0
62169,0,0,0,0,0,0,0,0,0,0,0,0,0,0
62170,0,0,0,0,0,0,0,0,0,0,0,0,0,0
62171,0,会計-ピロティ3,会計-宇宙食,会計-執事喫茶,食品-焼き鳥-受け渡し,0,0,0,0,0,0,0,会計-音楽喫茶,0
62172,0,0,0,0,食品-たこ焼き-盛り付け係,0,0,食品-クレープ-トッピング,食品-たこ焼き-IPAD張り付き係,食品-たこ焼き-盛り付け係,食品-たこ焼き-盛り付け係,食品-たこ焼き-デリバリー係,食品-たこ焼き-鉄板係,0
62173,0,0,0,0,0,0,0,0,0,0,0,0,0,0
62174,0,0,0,0,0,0,0,0,0,0,0,0,0,0
62175,0,0,0,0,0,0,0,0,0,0,0,0,0,0
62176,0,0,0,0,0,0,0,0,0,0,0,0,0,0
62177,0,0,0,0,0,0,0,0,0,0,0,0,0,0
62178,0,0,0,0,0,0,0,0,0,0,0,0,0,0
62179,0,0,0,0,0,0,0,0,0,0,0,0,0,0
62180,0,0,0,0,0,0,0,0,0,0,0,0,0,0
62181,0,0,0,0,0,0,0,0,0,0,0,0,0,0
62182,0,放送-アナウンサー,0,食品-フランク-茹で,食品-フランク-盛り付け,0,0,0,0,0,0,0,0,0
62183,0,0,0,会計-ドリンク,0,会計-ピロティ5,0,0,食品-フランク-盛り付け,食品-フランク-茹で,会計-ピロティ2,食品-フランク-受け渡し,0,0
62184,0,0,0,0,0,0,0,0,0,0,0,0,0,0
62185,0,0,0,0,0,0,0,0,0,0,0,0,0,0
62186,0,0,0,0,0,0,0,0,0,0,0,0,0,0
62187,0,0,0,0,0,0,0,0,0,0,0,0,0,0
62188,0,0,0,美化-ゴミ袋回収-1階,美化-掃除-ADE階段,0,0,0,美化-掃除･消毒-2〜4階,美化-立ち番-食券機前,0,0,0,0
62189,0,0,0,0,0,0,0,0,0,0,0,0,0,0
62190,0,0,0,0,0,0,0,0,会計-綿あめ,会計-ピロティ3,会計-ドリンク,0,0,0
62191,0,0,0,0,0,0,0,0,0,0,0,0,0,0
62192,0,0,0,0,0,0,0,0,0,0,0,0,0,0
62193,0,0,0,0,0,0,0,0,0,0,0,0,0,0
62194,0,0,0,0,0,0,0,0,0,0,0,0,0,0
62195,0,0,0,0,0,0,0,0,0,0,0,0,0,0
62198,0,0,0,0,食品-塩焼きそば-トッピング,食品-塩焼きそば-具材投入,0,0,0,0,0,0,0,0
62199,0,0,0,0,0,0,0,0,0,0,0,0,0,0
62200,0,0,0,0,0,0,0,0,0,0,0,0,0,0
62201,0,0,0,0,0,外務-フロア整理-3F 高校,0,0,外務-食品システム-販売列整理,0,0,0,0,0
62202,0,0,0,0,0,放送-パーソナリティー,0,放送-パーソナリティー,0,0,0,0,0,0
62203,0,0,0,0,0,0,0,0,0,0,0,0,0,0
62204,食品-クレープ-運び屋,0,0,食品-クレープ-生地焼き,0,0,食品-クレープ-生地作り,0,0,0,食品-クレープ-生地作り,0,食品-クレープ-運び屋,0
62205,0,0,0,0,0,食品-綿飴-作成,0,0,食品-綿飴-作成補助,0,0,0,0,0
62206,0,0,0,0,0,0,0,0,0,0,0,0,0,0
62207,0,0,0,0,0,0,0,0,0,0,0,0,0,0
62208,0,0,0,0,0,0,0,0,0,0,0,0,0,0
62209,0,0,0,0,0,0,0,0,0,0,0,0,0,0
62210,食品-クレープ-生地作り,食品-クレープ-生地焼き,0,0,0,0,0,0,食品-クレープ-運び屋,0,0,食品-クレープ-生地焼き,0,0
62211,0,0,0,0,0,0,0,0,0,0,0,0,0,0
62212,0,0,0,0,0,0,0,0,0,0,0,0,0,0
62213,0,0,0,0,0,0,0,0,0,0,0,0,0,0
62214,0,0,0,0,0,0,0,0,0,0,0,0,0,0
62215,0,0,0,0,0,0,0,0,0,0,0,0,0,0
62216,0,0,0,0,0,0,0,0,0,0,0,0,0,0
62217,0,0,0,0,0,0,0,0,0,0,0,0,0,0
62218,食品-焼き鳥-パック詰め,食品-焼き鳥-パック詰め,食品-焼き鳥-受け渡し,0,食品-焼き鳥-受け渡し,0,0,0,0,0,0,0,0,0
62219,0,0,0,0,0,0,0,0,0,0,0,0,0,0
62220,0,0,0,0,0,0,0,0,0,0,0,0,0,0
62221,会計-ピロティ3,0,0,0,0,会計-宇宙食,会計-宇宙食,0,0,0,0,0,会計-ピロティ4,0
62222,0,0,0,0,0,0,0,0,0,0,0,0,0,0
62223,0,0,0,0,0,0,0,0,0,0,0,0,0,0
62224,0,0,0,0,0,0,0,0,0,0,0,0,0,0
62225,外務-公道整理-消防団前,0,0,外務-ピアノ見張り,0,0,0,食品-焼き鳥-補充＆トレイ交換,食品-焼き鳥-iPad,0,0,食品-焼き鳥-補充＆トレイ交換,0,0
62226,0,0,0,0,0,0,0,0,0,0,0,0,0,0
62227,0,0,0,0,0,0,0,0,0,0,0,0,0,0
62228,0,0,0,0,0,0,0,0,0,0,0,0,0,0
62229,0,0,0,0,0,0,食品-クロッフル-シロップ,0,0,0,0,0,0,0
62230,0,0,0,0,0,0,0,0,0,0,0,0,0,0
62231,0,0,0,0,0,0,0,0,0,0,0,0,0,0
62232,0,0,0,0,0,0,0,0,0,0,0,0,0,0
63001,0,0,0,0,0,0,0,0,0,0,0,0,0,0
63002,0,0,0,0,0,0,食品-たこ焼き-食品受け渡し係,食品-たこ焼き-食品受け渡し係,食品-たこ焼き-パッキング係,0,0,0,0,0
63003,0,0,0,外務-フロア案内所-2F 高校,0,0,外務-入場受付-第1レーン,0,外務-フロア整理-4F 中学,0,0,0,0,0
63004,0,食品-塩焼きそば-具材投入,食品-フランク-焼き,食品-フランク-受け渡し,食品-フランク-茹で,外務-入場受付-第3レーン,0,0,外務-食品システム-受渡列最後尾,食品-塩焼きそば-トッピング,0,食品-フランク-IPAD張り付き,外務-フロア整理-2F 高校,0
63005,0,食品-焼き鳥-運び屋,0,食品-焼き鳥-焼き,0,食品-焼き鳥-焼き,0,0,0,食品-焼き鳥-味付け,0,0,0,0
63006,0,0,0,会計-ピロティ2,0,0,食品-ドリンク-注文,0,会計-ピロティ1,会計-ピロティ3,会計-クロッフル,食品-ドリンク-拭き,会計-ピロティ4,0
63007,0,0,0,0,0,0,0,0,0,0,0,0,0,0
63008,食品-たこ焼き-パッキング係,0,0,食品-たこ焼き-鉄板係,0,0,食品-たこ焼き-パッキング係,0,0,食品-たこ焼き-鉄板サポート係,食品-たこ焼き-鉄板係,食品-たこ焼き-IPAD張り付き係,0,0
63009,0,食品-焼き鳥-味付け,会計-ピロティ3,0,0,会計-ピロティ3,0,食品-焼き鳥-味付け,会計-ピロティ1,会計-ピロティ5,食品-焼き鳥-焼き,0,外務-フロア案内所-4F 高校,0
63011,0,0,0,0,0,0,0,0,0,0,0,0,0,0
63012,0,0,0,0,0,0,0,0,0,0,0,0,0,0
63013,0,0,0,0,0,0,0,0,0,0,0,0,0,0
63014,0,0,0,0,0,0,0,0,0,0,0,0,0,0
63015,0,0,0,0,0,0,0,0,0,0,0,0,0,0
63016,食品-クレープ-生地作り,0,0,0,0,0,食品-クレープ-生地作り,0,0,0,0,0,0,0
63017,0,0,0,0,0,食品-塩焼きそば-トッピング,0,0,0,0,0,0,0,0
63018,0,0,外務-食品システム-受渡列整理,0,0,0,0,0,外務-食品システム-販売列整理,0,0,0,0,0
63019,0,0,0,外務-食品システム-販売列整理,0,0,0,0,外務-フロア案内所-4F 中学,0,0,0,0,0
63020,美化-ゴミ袋回収-2~4階,会計-音楽喫茶,美化-ゴミ袋回収-2~4階,会計-ピロティ6,会計-ドリンク,美化-掃除･消毒-1階,美化-掃除-ADE階段,美化-掃除-BCF階段,0,美化-立ち番-エレベーター前,美化-掃除･消毒-2〜4階,美化-ゴミ袋回収-1階,0,0
63021,0,0,食品-塩焼きそば-箸、輪ゴム,0,会計-ピロティ3,0,会計-クロッフル,0,0,0,食品-塩焼きそば-鉄板,食品-塩焼きそば-箸、輪ゴム,0,0
63022,0,0,0,0,0,食品-たこ焼き-鉄板サポート係,0,0,0,0,0,0,0,0
63023,食品-クレープ-運び屋,0,0,0,0,0,0,食品-クレープ-IPAD,0,0,食品-クレープ-IPAD,0,0,0
63024,外務-総合案内所,外務-フロア案内所-3F 高校,食品-フランク-IPAD張り付き,0,0,外務-入場受付-第1レーン,0,0,0,0,食品-フランク-焼き,0,0,0
63025,0,0,0,0,0,0,0,0,0,0,0,0,0,0
63026,0,0,0,0,0,0,0,0,0,0,0,0,0,0
63027,0,0,0,0,0,0,0,0,0,0,0,0,0,0
63028,0,0,0,食品-綿飴-作成補助,0,0,0,0,0,0,食品-綿飴-作成,0,0,0
63029,0,0,0,0,0,0,0,0,0,0,0,0,0,0
63030,0,0,0,0,0,0,0,0,0,0,0,0,0,0
63031,外務-入場受付-第2レーン,食品-焼き鳥-焼き,食品-焼き鳥-運び屋,外務-フロア整理-3F 高校,外務-食品システム-受渡列整理,0,外務-ピアノ見張り,0,食品-焼き鳥-味付け,食品-焼き鳥-受け渡し,外務-食品システム-販売列整理,0,外務-ピアノ見張り,0
63032,食品-焼き鳥-焼き,0,食品-焼き鳥-焼き,食品-焼き鳥-iPad,食品-焼き鳥-焼き,食品-焼き鳥-補充＆トレイ交換,食品-焼き鳥-味付け,0,0,食品-焼き鳥-補充＆トレイ交換,0,食品-焼き鳥-iPad,食品-焼き鳥-iPad,0
63033,0,0,0,0,0,0,0,0,0,0,0,0,0,0
63034,食品-たこ焼き-盛り付け係,0,食品-たこ焼き-食品受け渡し係,0,0,食品-たこ焼き-鉄板サポート係,食品-たこ焼き-鉄板サポート係,食品-たこ焼き-パッキング係,食品-たこ焼き-鉄板サポート係,0,食品-たこ焼き-鉄板係,食品-たこ焼き-盛り付け係,0,0
63035,0,0,0,0,0,0,0,0,0,0,0,0,0,0
63036,0,0,0,0,0,0,0,0,0,0,0,0,0,0
63038,0,0,0,0,0,0,0,0,0,0,0,0,0,0
63039,0,0,0,0,0,0,0,0,0,0,0,0,0,0
63040,食品-フランク-受け渡し,0,0,外務-食品システム-TVモニター,0,外務-フロア案内所-2F 職員室前,外務-公道整理-消防団前,外務-公道整理-パーキング,食品-フランク-受け渡し,0,0,食品-フランク-盛り付け,0,0
63041,0,0,0,0,0,0,0,0,0,0,0,0,0,0
63042,0,0,会計-ピロティ6,0,0,0,0,0,0,0,会計-音楽喫茶,0,会計-ドリンク,0
63043,0,外務-入場受付-第5レーン,0,0,0,0,0,0,食品-フランク-焼き,0,外務-フロア案内所-2F 中学,0,0,0
63044,外務-フロア整理-4F 高校,0,外務-食品システム-TVモニター,0,0,0,0,0,0,0,外務-食品案内（店舗列）-綿飴,0,0,0
63045,0,0,0,0,0,0,0,0,0,0,0,0,0,0
63046,0,0,0,0,0,食品-フランク-焼き,0,0,0,0,0,食品-フランク-茹で,0,0
63047,0,0,0,0,0,0,0,0,0,展示-大賞消毒,展示-大賞呼びかけ,展示-大賞消毒,0,0
63048,0,0,0,0,0,0,0,0,0,0,0,0,0,0
63049,0,食品-塩焼きそば-受け渡し係,0,0,0,食品-塩焼きそば-箸、輪ゴム,食品-塩焼きそば-具材投入,0,0,0,食品-塩焼きそば-具材投入,0,0,0
63050,0,0,0,0,0,0,0,0,0,0,0,0,0,0
63051,会計-ピロティ1,0,0,0,外務-入場受付-第2レーン,0,外務-フロア整理-2F 高校,会計-音楽喫茶,0,0,0,会計-綿あめ,0,0
63052,0,0,0,0,0,0,0,0,0,0,0,0,0,0
63053,0,0,食品-クレープ-生地焼き,0,0,0,食品-クレープ-受け渡し,0,0,食品-クレープ-トッピング,0,0,食品-クレープ-生地作り,0
63054,0,0,0,0,0,0,0,0,0,0,0,0,0,0
63055,0,0,0,0,0,0,0,0,0,0,0,0,0,0
63056,0,0,0,0,0,0,0,0,0,0,0,0,0,0
63057,0,0,食品-フランク-盛り付け,食品-フランク-盛り付け,食品-フランク-焼き,食品-フランク-茹で,食品-フランク-焼き,0,食品-フランク-焼き,食品-フランク-受け渡し,食品-塩焼きそば-鉄板,食品-フランク-焼き,0,0
63058,0,0,0,0,0,0,0,0,0,外務-公道整理-栄光ゼミ前,外務-公道整理-栄光ゼミ前,外務-公道整理-栄光ゼミ前,0,0
63059,0,0,0,0,0,0,0,0,0,0,0,0,0,0
63060,0,0,0,0,食品-塩焼きそば-鉄板,0,0,0,外務-公道整理-クリーニング,0,0,食品-塩焼きそば-書き込み係,0,0
63061,0,会計-ピロティ2,0,0,0,会計-ピロティ3,0,食品-たこ焼き-鉄板係,食品-たこ焼き-鉄板サポート係,0,0,0,0,0
63062,会計-ピロティ4,0,0,0,会計-宇宙食,0,0,0,会計-ピロティ5,0,0,0,0,0
63063,0,0,0,0,0,0,0,0,0,0,0,0,0,0
63064,0,0,0,0,0,0,0,0,0,0,0,0,0,0
63065,0,0,0,0,0,0,0,0,0,0,0,0,0,0
63066,0,0,0,0,0,0,0,0,0,0,0,0,0,0
63067,0,0,0,0,0,0,0,0,0,0,0,0,0,0
63068,0,0,0,美化-掃除-ADE階段,外務-総合案内所,0,0,0,会計-宇宙食,会計-クロッフル,美化-掃除-ADE階段,0,会計-宇宙食,0
63069,0,0,0,0,0,0,0,0,0,0,0,0,0,0
63070,食品-塩焼きそば-キャベツ,外務-公道整理-クリーニング,0,0,食品-塩焼きそば-キャベツ,会計-ピロティ4,食品-塩焼きそば-キャベツ,食品-塩焼きそば-鉄板,0,会計-ピロティ4,食品-塩焼きそば-キャベツ,食品-塩焼きそば-パッキング,外務-フロア整理-3F 中学,0
63071,0,0,0,0,0,0,0,0,0,0,0,0,0,0
63072,0,0,0,0,0,0,0,0,0,0,0,0,0,0
63073,0,0,0,0,0,0,0,0,0,0,0,0,0,0
63074,0,食品-塩焼きそば-パッキング,0,外務-食品案内（店舗列）-クロッフル,食品-塩焼きそば-具材投入,0,0,0,0,0,食品-塩焼きそば-パッキング,0,0,0
63075,0,0,0,0,0,0,0,0,0,0,0,0,0,0
63076,0,食品-たこ焼き-食品受け渡し係,0,食品-たこ焼き-デリバリー係,食品-たこ焼き-鉄板サポート係,食品-たこ焼き-盛り付け係,0,0,0,0,0,0,0,0
63077,0,0,0,0,0,0,0,0,0,0,0,0,0,0
63078,0,0,0,0,0,0,0,0,0,0,0,0,0,0
63079,0,0,0,0,0,0,0,0,0,0,0,0,0,0
63080,0,0,0,0,0,0,0,0,0,0,0,0,0,0
63081,0,0,0,0,0,0,0,0,0,0,0,0,0,0
63082,0,0,外務-食品システム-受渡列整理,0,0,0,0,0,0,0,0,0,0,0
63083,食品-塩焼きそば-書き込み係,0,0,0,0,外務-食品案内（店舗列）-綿飴,外務-食品案内（店舗列）-クロッフル,0,0,0,0,0,食品-塩焼きそば-箸、輪ゴム,0
63084,0,0,0,0,0,0,0,0,0,0,0,0,0,0
63085,美化-掃除･消毒-1階,美化-立ち番-食券機前,0,食品-たこ焼き-鉄板係,食品-たこ焼き-食品受け渡し係,食品-たこ焼き-盛り付け係,0,美化-ゴミ袋回収-1階,0,食品-たこ焼き-食品受け渡し係,食品-たこ焼き-IPAD張り付き係,美化-ゴミ袋回収-2~4階,食品-たこ焼き-食品受け渡し係,0
63086,0,0,会計-綿あめ,0,0,会計-駅弁,0,0,0,0,0,会計-ピロティ3,0,0
63087,0,食品-フランク-焼き,食品-フランク-受け渡し,食品-フランク-焼き,0,食品-フランク-受け渡し,食品-フランク-盛り付け,0,0,0,食品-フランク-IPAD張り付き,0,0,0
63088,外務-フロア案内所-2F 高校,外務-フロア整理-2F 中学,0,0,0,0,0,0,0,0,0,0,0,0
63089,0,0,0,0,0,0,0,0,0,0,外務-入場受付-第5レーン,外務-公道整理-パーキング,0,0
63090,0,0,0,0,0,0,0,0,0,0,0,0,0,0
63091,0,0,0,0,0,0,0,0,0,0,0,0,0,0
63092,0,0,0,0,0,0,0,0,0,0,0,0,0,0
63093,0,0,食品-塩焼きそば-トッピング,食品-塩焼きそば-パッキング,食品-塩焼きそば-具材投入,食品-塩焼きそば-鉄板,0,展示-大賞消毒,食品-塩焼きそば-キャベツ,展示-大賞呼びかけ,0,0,0,0
63094,0,0,0,0,0,0,0,0,0,0,0,0,0,0
63095,食品-綿飴-作成,0,0,0,0,0,食品-綿飴-作成,食品-綿飴-受け渡し,0,0,食品-綿飴-作成補助,0,0,0
63096,0,0,0,0,会計-ピロティ1,会計-宇宙食,放送-PA,0,0,会計-ドリンク,0,0,0,0
63097,0,0,0,0,0,0,0,0,0,0,0,0,0,0
63098,0,0,0,0,0,0,0,0,0,0,0,0,0,0
63099,0,0,0,0,0,0,0,0,0,0,0,0,0,0
63100,0,0,0,0,0,食品-塩焼きそば-キャベツ,0,0,0,0,0,0,0,0
63101,0,0,0,0,0,0,食品-フランク-IPAD張り付き,食品-フランク-盛り付け,0,0,0,食品-フランク-茹で,食品-フランク-受け渡し,0
63102,0,0,0,0,0,0,0,0,0,0,0,0,0,0
63103,0,会計-ピロティ5,美化-立ち番-中庭,会計-宇宙食,外務-フロア案内所-2F 中学,0,会計-駅弁,会計-ピロティ5,会計-ドリンク,0,0,0,0,0
63104,食品-たこ焼き-デリバリー係,0,0,外務-公道整理-パーキング,外務-入場受付-第1レーン,食品-たこ焼き-IPAD張り付き係,0,外務-総合案内所,外務-食品システム-TVモニター,会計-駅弁,0,会計-駅弁,食品-たこ焼き-パッキング係,0
63105,0,0,美化-掃除-ADE階段,美化-掃除-BCF階段,0,0,0,展示-大賞スタンプラリー,0,美化-ゴミ袋回収-1階,0,0,0,0
63106,0,0,0,0,0,0,0,0,0,0,0,0,0,0
63107,0,0,0,0,0,0,0,0,0,0,0,0,0,0
63108,食品-たこ焼き-鉄板サポート係,食品-たこ焼き-鉄板サポート係,0,0,食品-たこ焼き-鉄板係,会計-駅弁,0,食品-たこ焼き-パッキング係,会計-クロッフル,食品-たこ焼き-鉄板サポート係,0,0,会計-ピロティ6,0
63109,0,食品-塩焼きそば-鉄板,0,0,0,0,0,0,0,0,0,0,0,0
63110,0,外務-フロア整理-4F 高校,外務-フロア整理-4F 高校,外務-総合案内所,0,0,外務-フロア案内所-3F 中学,0,0,0,0,0,0,0
63111,0,0,外務-食品システム-販売列整理,0,0,0,0,0,0,0,0,0,0,0
63112,0,0,0,食品-クロッフル-シロップ,0,食品-クロッフル-受け渡し,0,0,0,0,0,0,0,0
63113,0,0,0,0,0,0,0,0,0,0,0,0,0,0
63114,0,0,食品-フランク-茹で,0,0,0,0,0,0,0,食品-フランク-受け渡し,0,0,0
63115,0,0,0,0,0,0,0,0,0,0,0,0,0,0
63116,0,0,0,0,0,0,0,0,0,0,0,0,0,0
63117,0,0,0,0,0,0,0,0,0,0,0,0,0,0
63118,0,0,0,美化-立ち番-中庭,0,美化-掃除-BCF階段,美化-立ち番-高校棟階段前,0,美化-掃除-BCF階段,美化-掃除･消毒-1階,美化-立ち番-エレベーター前,美化-掃除-BCF階段,美化-ゴミ袋回収-1階,0
63119,0,0,0,0,0,0,0,0,0,0,0,0,0,0
63120,0,0,0,0,0,外務-食品システム-受渡列整理,0,0,0,0,0,0,0,0
63121,展示-大賞消毒,0,展示-大賞消毒,0,展示-大賞スタンプラリー,0,0,0,0,展示-大賞スタンプラリー,0,0,0,0
63122,0,0,0,0,0,0,0,0,0,0,0,0,0,0
63123,0,0,0,0,0,0,0,0,0,0,0,0,0,0
63124,0,0,0,食品-クロッフル-焼き,0,食品-クロッフル-焼き,0,0,0,食品-クロッフル-シロップ,0,食品-クロッフル-焼き,食品-クロッフル-焼き,0
63126,0,0,0,0,0,0,0,0,0,0,0,0,0,0
63127,0,0,0,外務-総合案内所,0,0,0,0,0,0,0,0,食品-フランク-盛り付け,0
63128,0,0,0,0,0,0,0,0,0,0,0,0,0,0
63129,0,0,0,0,0,0,0,0,0,0,0,0,0,0
63130,0,0,0,0,0,0,0,0,外務-入場受付-第5レーン,0,0,0,0,0
63131,食品-たこ焼き-IPAD張り付き係,0,0,食品-たこ焼き-デリバリー係,0,0,0,0,0,0,0,0,0,0
63132,0,0,外務-入場受付-第3レーン,0,外務-入場受付-第5レーン,外務-入場受付-第2レーン,0,0,0,0,0,0,外務-総合案内所,0
63133,0,0,0,0,0,0,0,0,0,0,0,0,0,0
63134,0,外務-食品システム-TVモニター,食品-フランク-焼き,0,0,食品-焼き鳥-焼き,0,外務-公道整理-クリーニング,食品-焼き鳥-受け渡し,0,食品-焼き鳥-補充＆トレイ交換,0,0,0
63135,0,美化-立ち番-中庭,0,0,美化-立ち番-中庭,美化-掃除-ADE階段,美化-掃除･消毒-2〜4階,美化-立ち番-食券機前,0,美化-掃除-BCF階段,美化-立ち番-出口,美化-掃除-ADE階段,美化-掃除･消毒-1階,0
63136,0,0,0,0,0,0,0,0,0,0,0,0,0,0
63138,0,0,0,0,0,0,0,0,0,0,0,0,0,0
63139,食品-塩焼きそば-パッキング,食品-塩焼きそば-トッピング,展示-大賞呼びかけ,0,展示-大賞呼びかけ,展示-大賞呼びかけ,食品-塩焼きそば-箸、輪ゴム,食品-塩焼きそば-書き込み係,0,展示-大賞ペン,食品-塩焼きそば-具材投入,0,0,0
63140,0,0,0,0,0,0,0,0,0,0,0,0,0,0
63141,食品-フランク-IPAD張り付き,0,0,0,0,0,0,0,0,0,食品-フランク-茹で,0,0,0
63142,0,0,0,0,0,0,0,0,0,0,0,0,0,0
63143,0,0,食品-塩焼きそば-受け渡し係,食品-塩焼きそば-受け渡し係,会計-ピロティ6,0,会計-ピロティ5,食品-塩焼きそば-受け渡し係,会計-ドリンク,食品-塩焼きそば-具材投入,0,会計-執事喫茶,0,0
63144,0,0,0,0,0,0,0,0,0,0,0,0,0,0
63145,0,0,0,食品-塩焼きそば-キャベツ,外務-フロア案内所-2F 職員室前,0,0,外務-フロア整理-2F 中学,0,0,0,食品-塩焼きそば-具材投入,外務-フロア整理-4F 中学,0
63146,0,0,0,0,0,0,0,0,0,0,0,0,0,0
63147,食品-たこ焼き-食品受け渡し係,0,食品-たこ焼き-盛り付け係,0,食品-たこ焼き-盛り付け係,食品-たこ焼き-パッキング係,食品-たこ焼き-鉄板サポート係,0,食品-たこ焼き-パッキング係,0,0,0,0,0
63148,0,0,0,0,0,0,0,0,外務-食品システム-受渡列最後尾,0,0,0,0,0
63149,0,0,0,0,0,0,0,0,0,0,0,0,0,0
63150,0,外務-入場受付-第4レーン,0,0,食品-焼き鳥-iPad,食品-焼き鳥-運び屋,0,0,0,0,外務-フロア案内所-3F 中学,0,0,0
63151,食品-塩焼きそば-トッピング,食品-塩焼きそば-キャベツ,0,食品-塩焼きそば-トッピング,食品-塩焼きそば-パッキング,0,食品-塩焼きそば-トッピング,食品-塩焼きそば-鉄板,0,会計-音楽喫茶,会計-宇宙食,0,0,0
63152,0,0,0,0,0,0,0,0,0,0,0,0,0,0
63153,0,0,0,0,0,0,0,0,0,0,0,0,0,0
63154,0,食品-たこ焼き-パッキング係,食品-たこ焼き-IPAD張り付き係,食品-たこ焼き-鉄板サポート係,食品-たこ焼き-IPAD張り付き係,0,0,0,0,食品-たこ焼き-パッキング係,食品-たこ焼き-デリバリー係,食品-たこ焼き-デリバリー係,0,0
63155,0,0,0,0,0,0,0,0,0,0,0,0,0,0
63156,0,0,0,0,0,0,0,0,0,0,0,0,0,0
63157,0,会計-ピロティ2,会計-ピロティ1,0,会計-綿あめ,0,0,会計-クロッフル,0,0,0,会計-クロッフル,0,0
63158,0,0,0,0,0,0,0,0,0,0,0,0,0,0
63159,会計-ピロティ2,0,0,0,0,0,0,0,0,0,0,0,0,0
63160,0,0,0,0,0,0,0,0,0,0,0,0,0,0
63161,0,0,食品-クレープ-運び屋,0,0,0,食品-クレープ-運び屋,0,食品-クレープ-受け渡し,0,0,0,食品-クレープ-受け渡し,0
63162,0,0,0,0,0,0,0,0,0,0,0,0,0,0
63163,0,会計-ピロティ5,食品-塩焼きそば-デリバリー,0,食品-塩焼きそば-鉄板,0,会計-ピロティ4,会計-ピロティ2,会計-音楽喫茶,0,会計-執事喫茶,0,会計-宇宙食,0
63164,0,0,0,展示-大賞呼びかけ,展示-大賞ペン,展示-大賞ペン,展示-大賞スタンプラリー,0,展示-大賞ペン,0,0,放送-パーソナリティー,展示-大賞ペン,0
63165,0,0,0,展示-大賞消毒,0,展示-大賞スタンプラリー,0,0,0,0,0,展示-大賞呼びかけ,0,0
63166,食品-塩焼きそば-受け渡し係,0,0,0,0,食品-塩焼きそば-具材投入,0,0,0,食品-塩焼きそば-書き込み係,食品-塩焼きそば-トッピング,0,食品-塩焼きそば-書き込み係,0
63167,食品-ドリンク-受け渡し,0,食品-焼き鳥-補充＆トレイ交換,0,0,外務-フロア案内所-4F 中学,外務-食品システム-受渡列整理,外務-フロア案内所-2F 中学,食品-ドリンク-取り出し + 冷やし,食品-ドリンク-整列 + 最後尾,0,食品-焼き鳥-味付け,食品-ドリンク-拭き,0
63168,0,0,0,0,外務-食品システム-受渡列整理,0,0,0,外務-公道整理-栄光ゼミ前,0,0,0,外務-公道整理-クリーニング,0
63169,0,0,0,食品-フランク-受け渡し,食品-フランク-焼き,0,食品-フランク-茹で,食品-フランク-焼き,0,食品-フランク-焼き,0,0,0,0
63170,0,0,0,0,0,0,0,0,0,0,0,0,0,0
63171,0,0,0,0,0,0,0,0,0,0,0,0,0,0
63172,0,0,0,0,0,0,0,0,食品-塩焼きそば-トッピング,0,0,0,食品-塩焼きそば-パッキング,0
63173,0,0,0,0,0,0,0,0,0,0,0,0,0,0
63174,0,0,0,0,0,0,0,0,0,0,0,0,0,0
63175,0,0,0,食品-塩焼きそば-鉄板,会計-ピロティ1,0,会計-ピロティ6,会計-ピロティ6,会計-執事喫茶,0,0,0,0,0
63176,0,0,0,0,0,0,0,0,0,0,0,0,0,0
63177,食品-フランク-盛り付け,0,0,0,0,0,0,0,0,0,食品-フランク-盛り付け,食品-フランク-焼き,0,0
63178,0,0,0,0,0,0,0,0,0,0,0,0,0,0
63179,0,0,0,0,0,0,0,0,0,0,0,0,0,0
63180,食品-焼き鳥-味付け,食品-塩焼きそば-キャベツ,外務-食品システム-受渡列最後尾,食品-塩焼きそば-箸、輪ゴム,外務-入場受付-第4レーン,外務-食品システム-受渡列最後尾,食品-塩焼きそば-トッピング,食品-塩焼きそば-キャベツ,食品-焼き鳥-運び屋,0,0,食品-焼き鳥-運び屋,食品-塩焼きそば-デリバリー,0
63181,外務-フロア案内所-2F 職員室前,外務-食品案内（店舗列）-ドリンク,外務-入場受付-第1レーン,0,0,0,外務-フロア案内所-3F 高校,外務-食品システム-受渡列整理,外務-フロア案内所-2F 中学,0,0,0,0,0
63182,食品-たこ焼き-鉄板係,食品-たこ焼き-食品受け渡し係,0,食品-たこ焼き-パッキング係,0,0,0,0,食品-たこ焼き-鉄板係,0,食品-たこ焼き-パッキング係,0,0,0
63183,0,0,0,0,0,0,0,0,0,0,0,0,0,0
63184,0,0,0,0,0,0,0,0,0,0,0,0,0,0
63185,0,0,0,0,0,0,0,0,0,0,0,0,0,0
63186,0,0,美化-掃除･消毒-1階,美化-掃除-ADE階段,0,美化-掃除-ADE階段,0,美化-掃除･消毒-1階,0,0,0,0,美化-立ち番-食券機前,0
63187,外務-食品案内（店舗列）-ドリンク,放送-放送受付,0,0,食品-焼き鳥-補充＆トレイ交換,食品-焼き鳥-受け渡し,食品-焼き鳥-受け渡し,食品-焼き鳥-運び屋,外務-ピアノ見張り,0,放送-放送受付,0,0,0
63188,0,0,食品-クレープ-運び屋,食品-クレープ-運び屋,放送-放送受付,0,0,0,0,0,0,食品-たこ焼き-食品受け渡し係,食品-たこ焼き-IPAD張り付き係,0
63189,会計-ピロティ6,会計-ピロティ6,会計-音楽喫茶,会計-ドリンク,会計-宇宙食,食品-塩焼きそば-キャベツ,食品-塩焼きそば-箸、輪ゴム,食品-クレープ-トッピング,食品-塩焼きそば-パッキング,食品-フランク-茹で,会計-ピロティ1,会計-ドリンク,0,0
63190,外務-食品案内（店舗列）-クロッフル,0,0,0,0,0,0,0,0,0,0,外務-フロア案内所-2F 職員室前,外務-総合案内所,0
63191,0,0,0,0,外務-フロア案内所-2F 高校,0,0,0,0,外務-フロア案内所-2F 高校,0,0,0,0
63192,食品-塩焼きそば-箸、輪ゴム,0,0,食品-塩焼きそば-箸、輪ゴム,0,0,0,0,食品-塩焼きそば-具材投入,食品-塩焼きそば-キャベツ,0,0,0,0
63193,外務-公道整理-クリーニング,0,0,0,0,0,0,0,0,0,0,0,0,0
63194,会計-ピロティ4,食品-フランク-受け渡し,会計-綿あめ,会計-ピロティ3,0,会計-綿あめ,会計-ドリンク,0,0,0,0,0,0,0
63195,0,0,0,0,会計-ピロティ5,会計-ピロティ6,会計-ピロティ2,会計-ピロティ2,食品-綿飴-作成補助,0,食品-綿飴-作成,食品-綿飴-作成補助,食品-綿飴-作成,0
63196,外務-フロア整理-3F 高校,外務-公道整理-パーキング,美化-掃除･消毒-2〜4階,0,美化-掃除･消毒-1階,美化-ゴミ袋回収-1階,0,美化-掃除-ADE階段,美化-立ち番-高校棟階段前,0,外務-総合案内所,0,美化-掃除･消毒-2〜4階,0
63197,外務-入場受付-第5レーン,0,0,0,外務-フロア整理-3F 高校,食品-たこ焼き-デリバリー係,会計-音楽喫茶,0,会計-駅弁,0,0,0,0,0
63198,0,0,会計-音楽喫茶,0,会計-綿あめ,0,0,会計-執事喫茶,0,会計-クロッフル,会計-ピロティ5,0,会計-ピロティ2,0
63199,外務-フロア案内所-4F 中学,美化-掃除-ADE階段,外務-フロア案内所-3F 高校,0,0,外務-食品案内（店舗列）-ドリンク,0,美化-立ち番-中庭,美化-ゴミ袋回収-1階,0,美化-ゴミ袋回収-2~4階,0,0,0
63200,0,0,放送-アナウンサー,0,0,0,0,0,0,0,0,0,0,0
63201,美化-立ち番-中庭,0,0,0,0,0,美化-掃除･消毒-2〜4階,美化-立ち番-中庭,美化-立ち番-食券機前,0,0,0,0,0
63202,外務-校門前誘導,0,食品-塩焼きそば-書き込み係,0,食品-塩焼きそば-受け渡し係,食品-塩焼きそば-書き込み係,食品-塩焼きそば-パッキング,0,0,食品-塩焼きそば-トッピング,食品-塩焼きそば-パッキング,0,食品-塩焼きそば-パッキング,0
63203,0,会計-駅弁,食品-フランク-茹で,食品-塩焼きそば-パッキング,会計-音楽喫茶,0,食品-クレープ-トッピング,食品-クレープ-トッピング,食品-塩焼きそば-パッキング,食品-クレープ-受け渡し,会計-ピロティ2,会計-駅弁,食品-クレープ-トッピング,0
63204,0,0,0,0,0,0,0,0,0,0,0,0,0,0
63206,0,食品-フランク-盛り付け,0,0,0,食品-フランク-盛り付け,0,0,0,0,0,0,0,0
63207,0,0,0,食品-塩焼きそば-トッピング,食品-塩焼きそば-箸、輪ゴム,食品-塩焼きそば-パッキング,0,食品-塩焼きそば-パッキング,0,0,食品-塩焼きそば-書き込み係,0,0,0
63208,0,0,0,0,0,0,0,0,0,0,0,0,0,0
63209,0,0,0,0,0,0,0,0,0,0,0,0,0,0
63210,0,0,0,0,0,0,0,0,0,0,0,0,0,0
63211,0,0,0,0,0,0,0,0,0,0,0,0,0,0
63212,0,0,0,0,0,食品-フランク-焼き,食品-フランク-受け渡し,0,食品-フランク-茹で,0,0,0,0,0
63213,0,0,0,外務-食品案内（店舗列）-綿飴,0,0,外務-フロア案内所-4F 高校,外務-フロア案内所-4F 高校,0,0,外務-フロア整理-2F 中学,0,0,0
63214,食品-クレープ-トッピング,0,0,0,食品-クレープ-受け渡し,食品-クレープ-運び屋,0,食品-クレープ-生地焼き,食品-クレープ-生地作り,0,食品-クレープ-生地焼き,食品-クレープ-IPAD,0,0
63215,会計-ピロティ1,0,0,0,0,0,0,0,0,0,会計-ピロティ1,0,0,0
63216,0,0,外務-総合案内所,食品-クレープ-IPAD,0,0,外務-入場受付-第2レーン,食品-クレープ-運び屋,外務-フロア整理-4F 高校,0,0,0,食品-クレープ-IPAD,0
63217,0,美化-立ち番-高校棟階段前,美化-掃除-BCF階段,美化-掃除･消毒-2〜4階,0,美化-掃除-BCF階段,外務-食品システム-販売列整理,0,外務-フロア案内所-4F 高校,美化-掃除-ADE階段,外務-フロア案内所-3F 高校,美化-立ち番-出口,美化-立ち番-中庭,0
63218,0,0,0,0,0,0,0,0,0,0,0,0,0,0
63219,0,0,0,0,0,0,0,0,0,0,0,外務-フロア案内所-3F 高校,0,0
63220,0,0,0,0,0,0,0,0,0,0,0,0,0,0
63221,0,0,0,0,0,0,0,0,0,0,0,0,0,0
63222,0,0,外務-食品システム-受渡列最後尾,0,0,0,食品-クレープ-生地焼き,0,食品-クレープ-生地焼き,0,外務-入場受付-第4レーン,0,0,0
63223,0,0,食品-塩焼きそば-具材投入,食品-塩焼きそば-具材投入,食品-塩焼きそば-パッキング,0,0,0,0,0,0,食品-塩焼きそば-鉄板,0,0
63224,0,0,0,0,食品-フランク-茹で,0,0,0,0,放送-放送受付,0,0,食品-フランク-デリバリー,0
63225,0,0,0,0,0,0,0,0,0,0,0,0,0,0
63226,0,0,0,0,0,0,0,0,0,0,0,0,0,0
63227,食品-フランク-茹で,0,食品-フランク-デリバリー,0,0,0,0,0,食品-フランク-茹で,放送-パーソナリティー,食品-フランク-盛り付け,0,放送-パーソナリティー,0
63228,0,0,0,0,0,0,0,0,0,0,0,0,0,0
63229,食品-たこ焼き-デリバリー係,食品-たこ焼き-デリバリー係,食品-たこ焼き-鉄板係,食品-たこ焼き-パッキング係,0,食品-たこ焼き-デリバリー係,0,0,食品-たこ焼き-デリバリー係,食品-たこ焼き-鉄板係,食品-たこ焼き-パッキング係,食品-たこ焼き-パッキング係,食品-たこ焼き-鉄板係,0
63230,0,0,0,0,0,0,0,0,0,0,0,0,0,0
63231,会計-ドリンク,会計-クロッフル,0,0,0,0,0,0,0,会計-綿あめ,0,0,0,0
64001,0,0,0,0,0,0,0,0,0,0,0,0,0,0
64002,0,0,0,0,0,0,0,0,0,0,0,0,0,0
64003,0,0,0,0,0,0,0,0,0,0,0,0,0,0
64004,0,0,0,0,0,0,0,0,0,0,0,0,0,0
64005,0,0,0,0,0,0,0,0,0,0,外務-食品案内（店舗列）-ドリンク,0,0,0
64006,0,0,0,0,0,外務-フロア整理-2F 中学,0,0,0,0,外務-総合案内所,0,0,0
64007,食品-クロッフル-シロップ,会計-駅弁,0,会計-音楽喫茶,食品-ドリンク-取り出し + 冷やし,0,会計-音楽喫茶,0,0,会計-ドリンク,食品-クロッフル-受け渡し,食品-ドリンク-注文,0,0
64008,0,0,0,0,0,0,0,0,0,0,0,0,0,0
64010,0,0,0,0,0,美化-ゴミ袋回収-2~4階,0,0,0,0,0,美化-掃除-BCF階段,0,0
64011,0,0,0,0,0,0,0,0,0,0,0,0,0,0
64012,0,0,0,食品-フランク-茹で,0,0,食品-フランク-焼き,0,0,0,食品-フランク-デリバリー,0,食品-フランク-茹で,0
64013,0,0,食品-塩焼きそば-具材投入,食品-塩焼きそば-鉄板,0,食品-塩焼きそば-パッキング,食品-塩焼きそば-受け渡し係,食品-塩焼きそば-デリバリー,食品-塩焼きそば-トッピング,0,0,0,0,0
64014,食品-クロッフル-受け渡し,0,0,0,食品-クロッフル-焼き,0,0,0,0,0,食品-クロッフル-輪ゴム,食品-クロッフル-輪ゴム,0,0
64015,0,0,0,0,0,0,外務-フロア整理-3F 中学,0,外務-総合案内所,0,0,0,0,0
64016,食品-塩焼きそば-パッキング,食品-塩焼きそば-箸、輪ゴム,0,0,食品-塩焼きそば-キャベツ,0,食品-塩焼きそば-鉄板,食品-塩焼きそば-トッピング,0,0,0,0,0,0
64017,食品-フランク-デリバリー,0,外務-フロア案内所-4F 高校,0,0,食品-フランク-デリバリー,0,0,外務-食品システム-TVモニター,0,0,0,0,0
64018,外務-入場受付-第1レーン,0,0,0,食品-たこ焼き-鉄板係,外務-公道整理-栄光ゼミ前,外務-フロア整理-4F 中学,外務-食品システム-受渡列整理,食品-たこ焼き-盛り付け係,外務-フロア整理-4F 中学,0,食品-たこ焼き-鉄板サポート係,外務-フロア案内所-3F 中学,0
64019,0,0,0,0,0,0,0,0,0,0,0,0,0,0
64020,0,0,0,0,0,0,0,0,0,0,0,0,0,0
64021,0,外務-総合案内所,0,0,0,外務-総合案内所,外務-入場受付-第4レーン,0,0,外務-食品システム-販売列整理,0,0,0,0
64022,0,0,0,食品-塩焼きそば-具材投入,0,0,0,0,0,0,0,0,0,0
64023,外務-フロア整理-2F 高校,0,0,0,美化-ゴミ袋回収-2~4階,0,美化-掃除･消毒-1階,0,美化-立ち番-エレベーター前,0,0,0,0,0
64024,0,食品-塩焼きそば-トッピング,0,0,0,食品-塩焼きそば-受け渡し係,0,0,食品-塩焼きそば-受け渡し係,食品-塩焼きそば-鉄板,0,0,0,0
64025,0,0,食品-焼き鳥-焼き,食品-焼き鳥-焼き,0,食品-焼き鳥-味付け,0,食品-焼き鳥-iPad,食品-焼き鳥-補充＆トレイ交換,食品-焼き鳥-焼き,0,0,0,0
64026,0,0,0,食品-フランク-焼き,0,0,0,食品-フランク-茹で,食品-フランク-デリバリー,0,0,0,食品-フランク-焼き,0
64027,外務-公道整理-パーキング,0,食品-フランク-盛り付け,食品-クレープ-トッピング,外務-公道整理-パーキング,0,外務-公道整理-栄光ゼミ前,食品-フランク-焼き,食品-クレープ-受け渡し,食品-クレープ-IPAD,食品-フランク-焼き,食品-クレープ-受け渡し,0,0
64028,外務-総合案内所,0,0,0,0,0,外務-食品システム-TVモニター,0,0,0,0,0,0,0
64029,食品-たこ焼き-パッキング係,0,0,0,食品-たこ焼き-食品受け渡し係,0,食品-たこ焼き-デリバリー係,食品-たこ焼き-盛り付け係,食品-たこ焼き-食品受け渡し係,0,0,0,0,0
64030,食品-クレープ-トッピング,0,食品-クレープ-トッピング,食品-クレープ-運び屋,0,0,外務-公道整理-クリーニング,食品-クレープ-受け渡し,0,食品-クレープ-生地焼き,0,0,0,0
64031,0,0,0,0,0,0,0,0,0,会計-ピロティ6,会計-執事喫茶,0,0,0
64032,0,0,0,0,0,0,0,外務-食品システム-販売列整理,0,0,外務-食品システム-TVモニター,外務-フロア整理-3F 中学,0,0
64033,0,食品-クロッフル-箱出し,0,0,0,0,0,外務-フロア整理-2F 高校,食品-クロッフル-箱出し,外務-総合案内所,外務-フロア整理-4F 高校,食品-クロッフル-輪ゴム,0,0
64034,0,0,外務-入場受付-第5レーン,0,0,外務-公道整理-パーキング,外務-フロア整理-2F 中学,0,0,0,0,外務-フロア案内所-2F 高校,0,0
64035,0,展示-大賞呼びかけ,0,0,0,0,0,0,展示-大賞ペン,展示-大賞呼びかけ,展示-大賞消毒,0,展示-大賞呼びかけ,0
64036,0,0,0,0,0,0,0,0,0,0,0,0,0,0
64037,食品-塩焼きそば-トッピング,外務-食品システム-受渡列最後尾,0,食品-塩焼きそば-受け渡し係,外務-食品システム-販売列整理,0,0,外務-公道整理-消防団前,食品-塩焼きそば-具材投入,0,0,食品-塩焼きそば-受け渡し係,0,0
64038,0,0,0,0,0,0,0,0,0,0,0,0,0,0
64039,食品-塩焼きそば-具材投入,0,0,0,0,0,0,0,0,食品-塩焼きそば-具材投入,食品-塩焼きそば-トッピング,0,0,0
64040,0,0,美化-掃除･消毒-2〜4階,0,0,美化-立ち番-中庭,0,0,0,0,0,0,0,0
64041,0,0,0,外務-食品システム-受渡列最後尾,0,0,会計-宇宙食,0,0,0,会計-綿あめ,0,0,0
64042,会計-クロッフル,0,会計-ピロティ3,会計-ピロティ2,0,0,0,会計-宇宙食,0,外務-ピアノ見張り,会計-駅弁,0,0,0
64043,0,0,0,0,0,0,0,0,0,0,0,0,0,0
64044,0,0,0,食品-焼き鳥-焼き,0,0,食品-焼き鳥-パック詰め,0,0,食品-焼き鳥-焼き,食品-焼き鳥-運び屋,0,0,0
64045,0,0,0,0,0,0,0,0,0,0,0,0,0,0
64046,0,会計-音楽喫茶,会計-ピロティ6,0,0,0,0,0,0,0,0,0,0,0
64047,0,0,0,0,0,0,0,食品-フランク-受け渡し,0,食品-フランク-受け渡し,外務-食品システム-TVモニター,0,外務-フロア案内所-2F 高校,0
64048,0,0,0,会計-駅弁,0,0,外務-フロア案内所-4F 中学,会計-クロッフル,0,0,0,会計-ピロティ1,0,0
64049,0,0,0,0,0,0,0,0,0,0,0,0,0,0
64050,食品-塩焼きそば-具材投入,0,食品-塩焼きそば-鉄板,0,0,食品-塩焼きそば-トッピング,0,外務-食品システム-販売列先頭,0,0,食品-塩焼きそば-箸、輪ゴム,0,食品-塩焼きそば-トッピング,0
64051,0,0,0,0,0,食品-フランク-茹で,0,0,0,0,外務-食品案内（店舗列）-クロッフル,0,外務-公道整理-パーキング,0
64052,0,0,0,0,0,0,0,0,0,0,0,0,0,0
64053,0,0,0,0,0,0,0,0,0,0,0,0,0,0
64054,0,0,会計-執事喫茶,0,0,0,0,0,会計-ピロティ4,0,0,0,会計-ピロティ6,0
64055,0,0,0,0,外務-食品システム-受渡列最後尾,0,外務-フロア案内所-2F 高校,食品-塩焼きそば-パッキング,食品-塩焼きそば-書き込み係,0,0,0,食品-塩焼きそば-具材投入,0
64056,外務-公道整理-栄光ゼミ前,0,外務-食品システム-販売列先頭,外務-フロア整理-2F 中学,0,0,0,0,0,外務-食品システム-TVモニター,0,外務-フロア案内所-4F 中学,0,0
64057,0,0,食品-フランク-受け渡し,0,外務-食品案内（店舗列）-綿飴,食品-フランク-盛り付け,0,0,0,0,0,0,0,0
64058,食品-クロッフル-シロップ,0,食品-クレープ-生地作り,外務-入場受付-第2レーン,食品-クレープ-生地作り,食品-クロッフル-シロップ,食品-クロッフル-焼き,食品-クロッフル-シロップ,食品-クロッフル-箱出し,外務-食品システム-TVモニター,0,食品-クロッフル-箱出し,食品-クロッフル-シロップ,0
64059,0,0,展示-大賞スタンプラリー,0,展示-大賞ペン,展示-大賞消毒,展示-大賞呼びかけ,展示-大賞呼びかけ,展示-大賞呼びかけ,0,0,展示-大賞ペン,展示-大賞呼びかけ,0
64060,0,0,0,0,0,0,0,0,0,0,0,0,外務-フロア案内所-2F 職員室前,0
64061,0,0,0,0,0,0,0,0,0,0,0,0,0,0
64062,0,0,0,外務-食品システム-販売列整理,0,0,外務-フロア整理-3F 高校,0,0,0,0,0,0,0
64063,外務-フロア案内所-3F 高校,0,0,0,外務-ピアノ見張り,外務-入場受付-第4レーン,0,外務-食品システム-TVモニター,0,0,外務-食品システム-受渡列最後尾,会計-執事喫茶,0,0
64064,0,0,0,0,0,0,0,0,0,0,0,0,0,0
64066,会計-音楽喫茶,食品-たこ焼き-デリバリー係,食品-たこ焼き-盛り付け係,会計-ピロティ3,食品-たこ焼き-パッキング係,会計-ピロティ1,食品-たこ焼き-鉄板係,食品-たこ焼き-IPAD張り付き係,0,食品-たこ焼き-デリバリー係,食品-たこ焼き-食品受け渡し係,会計-ピロティ4,会計-ピロティ3,0
64067,外務-入場受付-第4レーン,外務-フロア整理-3F 高校,0,0,0,0,0,0,0,0,0,0,0,0
64068,0,0,0,0,0,0,0,0,0,0,0,0,0,0
64070,0,0,0,0,0,0,0,0,0,0,0,0,0,0
64071,0,0,0,0,0,0,0,0,0,0,0,0,0,0
64072,0,0,0,0,0,0,0,0,外務-食品案内（店舗列）-クロッフル,0,0,0,0,0
64073,0,0,0,0,0,0,0,0,0,0,0,0,0,0
64074,0,0,0,0,0,0,0,0,0,放送-PA,0,0,0,0
64075,外務-入場受付-第2レーン,外務-公道整理-消防団前,外務-総合案内所,0,0,外務-食品案内（店舗列）-クロッフル,0,0,0,0,0,0,会計-ピロティ1,0
64076,0,食品-たこ焼き-パッキング係,0,0,外務-フロア整理-4F 高校,外務-フロア整理-2F 高校,0,食品-たこ焼き-鉄板サポート係,0,0,0,食品-たこ焼き-鉄板係,0,0
64077,0,0,0,0,0,0,0,0,0,0,0,0,0,0
64078,食品-ドリンク-注文,食品-ドリンク-受け渡し,0,食品-ドリンク-注文,0,0,0,食品-ドリンク-取り出し + 冷やし,外務-入場受付-第3レーン,食品-ドリンク-取り出し + 冷やし,食品-ドリンク-拭き,0,食品-ドリンク-整列 + 最後尾,0
64079,食品-たこ焼き-盛り付け係,食品-たこ焼き-盛り付け係,食品-たこ焼き-鉄板サポート係,0,0,0,食品-たこ焼き-デリバリー係,0,0,0,食品-たこ焼き-鉄板サポート係,食品-たこ焼き-食品受け渡し係,0,0
64080,食品-たこ焼き-食品受け渡し係,0,0,食品-たこ焼き-食品受け渡し係,0,0,0,0,食品-たこ焼き-盛り付け係,0,0,0,0,0
64081,外務-フロア整理-4F 中学,0,食品-焼き鳥-焼き,食品-焼き鳥-パック詰め,食品-ドリンク-拭き,食品-ドリンク-取り出し + 冷やし,0,0,外務-フロア案内所-2F 職員室前,食品-ドリンク-拭き,食品-焼き鳥-受け渡し,0,0,0
64082,0,0,食品-焼き鳥-補充＆トレイ交換,0,食品-焼き鳥-補充＆トレイ交換,食品-焼き鳥-パック詰め,食品-焼き鳥-受け渡し,食品-焼き鳥-受け渡し,食品-焼き鳥-受け渡し,食品-焼き鳥-受け渡し,0,0,食品-焼き鳥-受け渡し,0
64083,0,0,0,会計-ピロティ5,0,0,会計-ピロティ5,0,0,0,会計-ピロティ4,0,0,0
64084,0,0,食品-塩焼きそば-キャベツ,0,0,0,0,0,食品-塩焼きそば-デリバリー,0,食品-塩焼きそば-受け渡し係,0,0,0
64085,会計-宇宙食,0,0,0,会計-執事喫茶,0,会計-クロッフル,0,0,0,0,会計-音楽喫茶,0,0
64086,0,0,0,0,0,0,0,0,0,0,0,0,0,0
64087,0,0,0,0,0,0,0,0,0,0,0,0,0,0
64088,0,外務-入場受付-第1レーン,外務-食品案内（店舗列）-クロッフル,0,0,0,0,外務-フロア整理-4F 高校,外務-入場受付-第1レーン,外務-公道整理-クリーニング,外務-入場受付-第3レーン,0,0,0
64089,0,0,食品-塩焼きそば-トッピング,0,0,食品-塩焼きそば-鉄板,0,0,0,0,0,食品-塩焼きそば-デリバリー,0,0
64090,外務-フロア案内所-2F 中学,0,外務-食品システム-販売列整理,0,0,0,0,0,0,0,0,0,0,0
64091,会計-駅弁,会計-ピロティ4,0,0,0,会計-ピロティ4,会計-ピロティ6,0,0,0,0,会計-ピロティ6,0,0
64092,0,0,外務-公道整理-クリーニング,0,外務-入場受付-第3レーン,0,0,外務-総合案内所,0,外務-食品案内（店舗列）-綿飴,0,0,0,0
64093,0,0,0,放送-放送受付,放送-アナウンサー,0,0,0,0,会計-宇宙食,0,0,0,0
64094,0,0,0,0,0,0,0,0,0,0,0,0,0,0
64095,美化-ゴミ袋回収-1階,会計-綿あめ,0,0,会計-クロッフル,0,美化-立ち番-エレベーター前,美化-立ち番-出口,会計-ピロティ3,美化-立ち番-中庭,0,0,会計-執事喫茶,0
64096,外務-入場受付-第1レーン,0,0,0,0,0,外務-入場受付-第5レーン,0,0,0,0,0,0,0
64097,0,0,0,0,0,0,0,0,0,0,0,0,0,0
64098,0,0,0,0,0,美化-立ち番-中庭,0,食品-焼き鳥-焼き,食品-焼き鳥-補充＆トレイ交換,0,0,0,0,0
64099,0,0,会計-ピロティ4,0,0,0,0,会計-ピロティ4,0,0,0,会計-ピロティ3,会計-ピロティ1,0
64100,0,0,0,0,食品-フランク-受け渡し,0,0,食品-ドリンク-受け渡し,食品-フランク-盛り付け,0,0,食品-フランク-デリバリー,0,0
64101,0,0,0,0,0,0,0,0,食品-ドリンク-受け渡し,0,食品-ドリンク-取り出し + 冷やし,0,0,0
64102,0,食品-ドリンク-注文,食品-ドリンク-拭き,食品-ドリンク-拭き,食品-ドリンク-取り出し + 冷やし,食品-ドリンク-受け渡し,0,0,0,食品-ドリンク-受け渡し,0,0,0,0
64103,0,0,0,0,0,0,0,0,0,0,0,0,0,0
64104,0,0,0,0,0,0,0,0,0,0,0,0,0,0
64105,0,0,0,0,0,0,0,0,0,0,0,0,0,0
64106,外務-食品案内（店舗列）-綿飴,0,0,外務-食品システム-受渡列整理,食品-フランク-盛り付け,0,0,外務-入場受付-第5レーン,0,0,食品-フランク-受け渡し,0,0,0
64107,0,0,0,0,0,0,0,0,外務-フロア整理-3F 高校,外務-食品案内（店舗列）-ドリンク,0,0,0,0
64108,0,0,0,0,外務-食品案内（店舗列）-クロッフル,0,0,0,0,0,0,0,0,0
64109,0,0,0,0,0,食品-綿飴-受け渡し,0,0,0,0,0,0,0,0
64110,0,0,0,0,0,0,0,0,0,0,0,0,0,0
64111,0,0,0,0,0,0,0,0,0,0,0,0,0,0
64112,0,0,食品-塩焼きそば-パッキング,0,0,0,食品-塩焼きそば-キャベツ,食品-塩焼きそば-キャベツ,0,0,0,食品-塩焼きそば-鉄板,食品-塩焼きそば-鉄板,0
64113,0,0,0,0,0,0,0,0,0,0,0,0,0,0
64114,0,0,0,0,0,0,0,0,0,0,0,0,0,0
64115,外務-フロア案内所-4F 高校,外務-食品案内（店舗列）-クロッフル,0,0,外務-フロア整理-3F 中学,0,0,0,0,0,0,0,外務-フロア整理-3F 高校,0
64116,0,会計-ピロティ3,0,0,食品-クレープ-運び屋,0,0,会計-ピロティ5,0,0,0,0,会計-音楽喫茶,0
64117,0,0,0,0,放送-パーソナリティー,0,0,0,0,0,0,0,0,0
64118,0,0,0,0,0,0,0,0,0,0,0,0,0,0
64119,0,0,0,0,0,0,0,外務-入場受付-第2レーン,0,外務-食品システム-販売列先頭,0,0,0,0
64120,0,0,0,0,0,0,0,0,0,0,0,0,0,0
64121,0,外務-フロア案内所-2F 職員室前,外務-フロア整理-3F 高校,美化-掃除･消毒-1階,会計-ピロティ2,0,0,0,0,外務-食品システム-販売列整理,外務-公道整理-パーキング,外務-フロア案内所-3F 中学,会計-綿あめ,0
64122,0,0,0,展示-大賞ペン,0,0,展示-大賞消毒,展示-大賞呼びかけ,0,展示-大賞ペン,展示-大賞ペン,展示-大賞スタンプラリー,0,0
64123,0,0,0,0,0,0,0,0,0,0,0,0,0,0
64124,0,0,食品-たこ焼き-鉄板サポート係,0,0,0,食品-たこ焼き-鉄板係,0,0,0,食品-たこ焼き-盛り付け係,食品-たこ焼き-盛り付け係,0,0
64125,0,外務-食品システム-TVモニター,0,0,0,会計-クロッフル,0,0,0,会計-ピロティ5,0,0,0,0
64126,外務-入場受付-第3レーン,0,0,0,外務-食品システム-受渡列最後尾,0,食品-たこ焼き-盛り付け係,0,0,0,0,0,0,0
64127,0,0,0,外務-フロア案内所-4F 中学,0,0,0,0,0,外務-入場受付-第4レーン,0,0,0,0
64128,0,食品-塩焼きそば-受け渡し係,0,0,食品-塩焼きそば-デリバリー,0,0,食品-塩焼きそば-具材投入,0,食品-塩焼きそば-パッキング,0,0,食品-塩焼きそば-鉄板,0
64129,0,食品-焼き鳥-受け渡し,会計-ピロティ1,0,会計-音楽喫茶,食品-焼き鳥-受け渡し,0,0,0,0,0,0,0,0
64130,0,0,0,0,0,0,外務-総合案内所,外務-フロア整理-4F 中学,0,0,0,0,0,0
64131,0,0,外務-フロア案内所-2F 職員室前,0,0,外務-食品システム-TVモニター,0,0,0,0,0,0,外務-総合案内所,0
64132,0,0,0,外務-入場受付-第3レーン,0,0,0,0,外務-公道整理-パーキング,0,0,0,0,0
64133,0,食品-塩焼きそば-鉄板,外務-フロア整理-4F 中学,食品-塩焼きそば-書き込み係,食品-塩焼きそば-箸、輪ゴム,食品-塩焼きそば-箸、輪ゴム,外務-食品システム-受渡列整理,0,0,0,0,0,0,0
64134,0,0,0,0,0,0,0,0,0,0,0,0,0,0
64135,0,0,0,0,0,0,食品-フランク-デリバリー,0,0,0,0,0,0,0
64136,0,0,0,0,0,0,0,0,0,0,0,0,0,0
64137,0,0,0,0,0,0,0,0,0,0,0,0,0,0
64138,会計-宇宙食,食品-フランク-茹で,会計-クロッフル,会計-宇宙食,0,0,0,食品-フランク-盛り付け,0,0,0,会計-音楽喫茶,会計-綿あめ,0
64139,0,0,0,0,0,外務-食品システム-受渡列最後尾,0,0,外務-総合案内所,外務-食品システム-受渡列整理,0,0,0,0
64140,美化-掃除-BCF階段,美化-掃除･消毒-2〜4階,食品-たこ焼き-食品受け渡し係,美化-掃除･消毒-2〜4階,美化-立ち番-エレベーター前,0,美化-掃除･消毒-1階,食品-たこ焼き-デリバリー係,食品-たこ焼き-デリバリー係,美化-立ち番-高校棟階段前,0,0,美化-掃除･消毒-1階,0
64141,0,0,外務-公道整理-消防団前,0,外務-フロア整理-2F 中学,0,外務-食品案内（店舗列）-ドリンク,0,0,食品-クロッフル-シロップ,0,外務-公道整理-消防団前,食品-クロッフル-箱出し,0
64142,食品-焼き鳥-焼き,食品-焼き鳥-焼き,外務-入場受付-第2レーン,0,0,外務-食品システム-販売列整理,食品-焼き鳥-運び屋,外務-総合案内所,外務-入場受付-第4レーン,0,0,0,食品-焼き鳥-運び屋,0
64143,0,0,0,0,0,0,0,0,0,0,0,0,0,0
64144,0,0,0,0,0,0,0,0,食品-塩焼きそば-キャベツ,食品-塩焼きそば-箸、輪ゴム,0,食品-塩焼きそば-受け渡し係,0,0
64145,0,0,0,0,0,0,0,0,0,0,0,0,0,0
64146,0,0,0,0,0,0,外務-フロア案内所-2F 職員室前,外務-食品案内（店舗列）-クロッフル,外務-総合案内所,0,0,0,0,0
64147,0,外務-公道整理-栄光ゼミ前,0,0,0,外務-フロア案内所-3F 中学,0,0,0,0,0,0,0,0
64148,0,食品-たこ焼き-鉄板係,食品-たこ焼き-パッキング係,0,食品-たこ焼き-パッキング係,0,食品-たこ焼き-盛り付け係,0,0,0,0,0,0,0
64149,外務-校門前誘導,食品-焼き鳥-補充＆トレイ交換,0,0,0,0,食品-焼き鳥-補充＆トレイ交換,0,0,食品-焼き鳥-パック詰め,外務-フロア整理-3F 中学,0,外務-フロア案内所-4F 中学,0
64150,0,0,0,外務-フロア整理-4F 中学,外務-食品システム-TVモニター,0,0,0,0,0,0,0,0,0
64151,0,0,0,0,外務-フロア整理-2F 高校,0,0,0,0,0,0,外務-総合案内所,0,0
64152,0,0,外務-ピアノ見張り,会計-クロッフル,0,会計-ピロティ1,0,0,0,0,会計-ピロティ3,0,0,0
64153,0,0,0,0,外務-総合案内所,0,0,0,0,0,0,0,0,0
64154,0,0,0,0,0,0,0,0,0,食品-綿飴-作成,0,0,0,0
64155,0,会計-ピロティ6,0,0,0,会計-ドリンク,会計-執事喫茶,0,0,0,0,0,0,0
64156,0,外務-総合案内所,0,外務-食品システム-受渡列整理,0,0,0,0,0,外務-フロア整理-3F 中学,0,0,0,0
64157,0,0,0,0,0,0,0,0,0,0,0,0,0,0
64158,外務-総合案内所,0,0,外務-公道整理-栄光ゼミ前,0,0,0,0,0,外務-公道整理-パーキング,0,外務-総合案内所,外務-フロア整理-2F 中学,0
64159,食品-焼き鳥-受け渡し,0,0,0,0,0,0,食品-焼き鳥-パック詰め,0,0,0,0,0,0
64160,外務-フロア整理-3F 中学,食品-クレープ-生地作り,食品-クロッフル-焼き,食品-クロッフル-受け渡し,外務-食品案内（店舗列）-ドリンク,外務-フロア案内所-2F 中学,放送-アナウンサー,外務-食品システム-販売列整理,0,食品-クロッフル-箱出し,外務-公道整理-消防団前,食品-クレープ-生地作り,0,0
64161,0,0,0,0,0,0,0,0,0,0,外務-フロア案内所-4F 中学,0,0,0
64162,0,0,0,0,0,0,0,0,0,0,0,0,0,0
64163,0,0,0,0,0,0,0,0,0,0,0,0,0,0
64164,0,0,0,0,0,会計-ピロティ2,食品-ドリンク-取り出し + 冷やし,食品-ドリンク-受け渡し,食品-ドリンク-取り出し + 冷やし,食品-ドリンク-注文,食品-ドリンク-注文,食品-ドリンク-受け渡し,会計-ピロティ3,0
64165,0,外務-入場受付-第2レーン,0,0,0,0,0,0,0,0,0,外務-フロア整理-2F 高校,0,0
64166,外務-校門前誘導,0,0,0,0,0,0,0,0,0,0,0,0,0
64167,0,0,0,0,0,0,0,0,0,0,0,0,0,0
64168,0,0,0,0,0,0,0,0,0,0,0,0,0,0
64169,0,0,0,0,0,0,0,0,0,0,0,0,0,0
64170,0,0,0,0,0,0,外務-食品システム-販売列先頭,食品-焼き鳥-補充＆トレイ交換,0,0,食品-焼き鳥-補充＆トレイ交換,0,0,0
64171,0,外務-フロア案内所-4F 中学,食品-ドリンク-取り出し + 冷やし,食品-ドリンク-受け渡し,0,0,0,0,食品-ドリンク-注文,外務-フロア案内所-2F 職員室前,0,食品-ドリンク-整列 + 最後尾,0,0
64172,0,0,0,外務-総合案内所,0,0,0,外務-公道整理-栄光ゼミ前,0,0,0,0,外務-フロア案内所-2F 中学,0
64173,0,0,0,0,0,0,0,0,0,0,0,0,0,0
64174,0,0,食品-ドリンク-注文,食品-ドリンク-受け渡し,食品-ドリンク-注文,0,食品-ドリンク-注文,外務-フロア案内所-3F 高校,食品-ドリンク-拭き,外務-フロア整理-3F 高校,0,0,食品-ドリンク-取り出し + 冷やし,0
64175,0,0,0,0,0,0,0,0,0,0,0,0,0,0
64176,0,0,0,0,0,0,0,0,0,0,0,0,0,0
64177,0,0,0,0,0,0,0,0,0,0,0,0,0,0
64178,美化-掃除･消毒-2〜4階,美化-掃除･消毒-1階,0,0,美化-掃除･消毒-2〜4階,美化-掃除･消毒-2〜4階,0,0,0,0,0,0,0,0
64179,美化-立ち番-出口,美化-掃除･消毒-1階,0,0,美化-立ち番-食券機前,美化-立ち番-高校棟階段前,0,0,0,美化-ゴミ袋回収-2~4階,美化-立ち番-高校棟階段前,美化-掃除･消毒-1階,0,0
64180,0,0,0,0,0,0,0,0,0,0,0,0,0,0
64181,0,会計-ピロティ1,会計-駅弁,0,0,0,会計-ピロティ2,0,会計-ピロティ6,0,0,0,会計-ピロティ2,0
64182,0,食品-ドリンク-取り出し + 冷やし,0,0,0,0,0,0,0,0,0,0,0,0
64183,0,0,0,0,0,0,0,外務-フロア案内所-2F 高校,0,0,0,0,0,0
64184,0,0,0,0,0,0,放送-パーソナリティー,0,0,0,0,0,0,0
64185,0,0,0,0,0,0,0,0,0,0,0,0,0,0
64186,0,0,0,0,0,0,0,外務-フロア案内所-4F 中学,0,0,0,0,0,0
64187,0,0,0,0,0,0,0,0,0,0,0,0,0,0
64188,0,外務-食品案内（店舗列）-綿飴,0,0,外務-公道整理-消防団前,0,0,0,0,0,0,0,0,0
64189,0,0,0,外務-食品システム-受渡列最後尾,食品-焼き鳥-焼き,食品-焼き鳥-味付け,0,0,外務-フロア案内所-2F 高校,外務-総合案内所,0,0,0,0
64190,0,0,0,0,0,0,0,0,0,0,0,0,0,0
64191,食品-ドリンク-拭き,外務-フロア整理-4F 中学,外務-総合案内所,食品-ドリンク-注文,0,食品-ドリンク-注文,食品-ドリンク-受け渡し,食品-ドリンク-取り出し + 冷やし,0,外務-フロア整理-2F 中学,食品-ドリンク-注文,食品-ドリンク-取り出し + 冷やし,0,0
64192,0,0,0,0,0,0,0,0,0,0,0,0,0,0
64193,食品-綿飴-受け渡し,0,0,0,0,0,0,食品-綿飴-作成,0,0,食品-綿飴-作成補助,0,食品-綿飴-作成補助,0
64194,0,0,0,0,0,食品-ドリンク-拭き,0,0,0,0,0,0,0,0
64195,0,0,0,0,0,0,0,0,0,0,0,0,0,0
64196,0,0,0,0,0,0,0,0,0,0,0,外務-フロア整理-4F 中学,0,0
64197,0,外務-フロア整理-3F 中学,0,外務-フロア整理-4F 高校,美化-掃除-BCF階段,外務-食品システム-受渡列整理,美化-掃除-BCF階段,美化-掃除-ADE階段,外務-食品案内（店舗列）-ドリンク,0,美化-立ち番-食券機前,展示-大賞呼びかけ,美化-掃除･消毒-2〜4階,0
64198,0,0,0,0,0,0,0,0,0,0,0,0,0,0
64199,放送-アナウンサー,0,0,外務-フロア整理-3F 中学,0,0,0,食品-焼き鳥-味付け,食品-焼き鳥-焼き,食品-焼き鳥-味付け,外務-公道整理-クリーニング,0,食品-クロッフル-シロップ,0
64200,0,0,0,0,0,0,0,0,0,0,0,0,0,0
64201,0,0,0,0,0,0,0,0,0,0,0,0,0,0
64202,0,0,0,0,食品-クロッフル-受け渡し,外務-食品システム-TVモニター,0,外務-フロア案内所-2F 職員室前,0,0,0,0,0,0
64203,会計-駅弁,0,0,外務-入場受付-第1レーン,0,0,0,0,外務-フロア案内所-3F 中学,会計-執事喫茶,会計-ピロティ4,0,0,0
64204,0,0,0,0,0,0,0,0,0,0,0,0,0,0
64205,0,0,0,0,0,0,0,外務-入場受付-第1レーン,外務-フロア整理-3F 中学,0,0,0,外務-フロア整理-4F 高校,0
64206,0,0,0,0,0,0,0,0,0,0,0,0,0,0
64207,0,0,外務-フロア整理-2F 高校,食品-たこ焼き-鉄板サポート係,0,0,食品-たこ焼き-食品受け渡し係,食品-たこ焼き-鉄板係,0,0,0,0,食品-たこ焼き-盛り付け係,0
64208,0,0,外務-フロア案内所-3F 中学,0,0,外務-公道整理-クリーニング,0,0,外務-食品システム-販売列先頭,0,0,0,外務-フロア案内所-3F 高校,0
64209,0,0,0,0,外務-食品システム-販売列先頭,食品-たこ焼き-食品受け渡し係,外務-食品案内（店舗列）-綿飴,食品-たこ焼き-食品受け渡し係,0,0,0,0,食品-たこ焼き-パッキング係,0
64210,0,0,0,0,0,0,0,0,外務-フロア整理-2F 高校,0,0,0,0,0
64211,0,0,0,0,0,0,0,0,0,0,0,0,0,0
64212,食品-焼き鳥-焼き,食品-焼き鳥-iPad,0,0,0,食品-焼き鳥-焼き,食品-焼き鳥-補充＆トレイ交換,0,0,0,食品-焼き鳥-焼き,0,0,0
64213,0,0,0,0,0,会計-クロッフル,0,0,0,会計-ピロティ2,0,0,0,0
64214,0,放送-パーソナリティー,0,0,0,0,0,0,0,0,0,0,0,0
64215,放送-放送受付,外務-ピアノ見張り,外務-フロア案内所-2F 中学,外務-食品システム-TVモニター,0,0,0,0,0,0,0,0,0,0
64216,外務-フロア案内所-3F 中学,0,0,0,0,0,0,0,0,0,0,0,0,0
64217,会計-音楽喫茶,会計-宇宙食,0,0,0,0,会計-綿あめ,0,0,0,0,会計-クロッフル,0,0
64218,0,0,0,0,0,0,0,外務-食品システム-TVモニター,外務-公道整理-消防団前,0,0,外務-総合案内所,0,0
64219,0,0,0,0,0,0,0,0,0,0,0,0,0,0
64220,食品-ドリンク-整列 + 最後尾,食品-ドリンク-注文,0,食品-ドリンク-取り出し + 冷やし,食品-ドリンク-整列 + 最後尾,0,食品-ドリンク-整列 + 最後尾,食品-ドリンク-注文,食品-ドリンク-注文,0,食品-ドリンク-整列 + 最後尾,0,食品-ドリンク-注文,0
64221,0,0,0,0,0,0,0,0,0,0,0,0,0,0
64222,0,0,0,0,0,0,0,0,0,0,0,0,0,0
64223,0,0,会計-ピロティ5,0,会計-ピロティ2,0,会計-ピロティ3,会計-ドリンク,会計-宇宙食,0,会計-ピロティ3,0,0,0
64225,食品-ドリンク-取り出し + 冷やし,食品-ドリンク-拭き,0,0,会計-ピロティ6,食品-ドリンク-取り出し + 冷やし,会計-ピロティ1,会計-綿あめ,0,食品-ドリンク-受け渡し,会計-駅弁,0,0,0
64226,0,0,0,外務-フロア整理-2F 高校,食品-塩焼きそば-受け渡し係,食品-塩焼きそば-キャベツ,食品-塩焼きそば-キャベツ,0,0,食品-塩焼きそば-キャベツ,0,食品-塩焼きそば-トッピング,0,0
64227,0,0,0,0,0,0,0,0,0,0,0,0,0,0
64228,0,0,0,0,0,0,0,0,0,0,0,0,0,0
64229,0,0,0,0,0,0,0,0,0,0,外務-フロア整理-4F 中学,0,0,0
64230,0,会計-綿あめ,0,0,0,0,0,0,0,0,0,0,0,0
64231,会計-ピロティ6,0,会計-ピロティ5,0,0,0,0,0,0,0,0,0,0,0
64232,0,0,会計-ドリンク,会計-ピロティ1,0,0,0,0,会計-執事喫茶,0,0,0,0,0
64233,0,0,0,0,0,0,0,0,0,0,0,0,0,0
64234,0,0,0,0,0,0,0,0,0,0,0,0,0,0
64235,0,0,0,0,0,0,0,0,0,0,0,0,0,0
64236,0,0,会計-ピロティ2,0,会計-駅弁,0,0,会計-ピロティ1,0,0,0,0,0,0
64237,0,0,0,0,0,外務-食品システム-販売列先頭,0,0,0,外務-食品案内（店舗列）-クロッフル,0,0,0,0
64238,0,0,0,0,0,0,0,0,0,0,0,0,0,0
65001,会計-クロッフル,0,0,0,0,0,0,0,0,0,0,会計-ピロティ6,0,0
65002,食品-たこ焼き-鉄板係,食品-クロッフル-シロップ,0,食品-たこ焼き-盛り付け係,食品-たこ焼き-デリバリー係,食品-たこ焼き-パッキング係,0,食品-たこ焼き-盛り付け係,食品-クロッフル-シロップ,食品-たこ焼き-IPAD張り付き係,0,食品-クロッフル-受け渡し,食品-たこ焼き-鉄板サポート係,0
65003,0,会計-執事喫茶,0,会計-綿あめ,0,会計-ピロティ6,会計-ドリンク,0,会計-ピロティ3,0,0,0,0,0
65004,0,0,0,0,0,0,0,0,0,0,0,0,0,0
65005,0,0,0,0,0,0,0,0,0,0,0,0,0,0
65006,0,0,0,0,0,0,0,0,0,0,0,0,0,0
65007,0,0,0,0,0,0,0,展示-大賞ペン,0,0,0,0,0,0
65008,0,0,会計-執事喫茶,0,0,0,0,0,0,0,0,会計-宇宙食,会計-駅弁,0
65009,0,0,0,0,0,0,0,0,0,0,0,0,0,0
65010,会計-ピロティ2,会計-ピロティ1,美化-立ち番-中庭,会計-ピロティ5,美化-立ち番-高校棟階段前,0,食品-塩焼きそば-具材投入,食品-塩焼きそば-箸、輪ゴム,放送-パーソナリティー,食品-塩焼きそば-受け渡し係,会計-ピロティ6,会計-ピロティ5,食品-塩焼きそば-受け渡し係,0
65011,会計-執事喫茶,会計-ドリンク,0,会計-綿あめ,外務-食品システム-販売列整理,食品-ドリンク-注文,会計-ピロティ1,食品-ドリンク-注文,外務-食品システム-受渡列整理,外務-総合案内所,食品-ドリンク-受け渡し,食品-ドリンク-取り出し + 冷やし,0,0
65012,0,0,食品-塩焼きそば-キャベツ,0,0,0,食品-塩焼きそば-デリバリー,0,0,0,0,0,0,0
65013,0,0,0,0,0,0,0,0,0,0,0,0,0,0
65014,食品-塩焼きそば-デリバリー,0,食品-塩焼きそば-受け渡し係,0,0,0,0,0,0,0,食品-塩焼きそば-キャベツ,食品-塩焼きそば-パッキング,0,0
65015,0,0,0,0,0,0,0,0,0,0,0,0,0,0
65016,0,食品-たこ焼き-盛り付け係,食品-たこ焼き-鉄板係,食品-たこ焼き-IPAD張り付き係,会計-執事喫茶,会計-ピロティ2,0,会計-ピロティ3,会計-ピロティ6,食品-たこ焼き-食品受け渡し係,会計-音楽喫茶,食品-たこ焼き-鉄板係,食品-たこ焼き-デリバリー係,0
65017,0,0,0,0,0,0,0,0,0,0,0,0,0,0
65018,食品-クレープ-生地焼き,0,0,0,0,0,0,0,0,0,0,0,0,0
65019,美化-掃除-BCF階段,美化-立ち番-出口,食品-たこ焼き-デリバリー係,美化-掃除-BCF階段,食品-たこ焼き-デリバリー係,食品-たこ焼き-鉄板係,食品-クレープ-トッピング,食品-たこ焼き-鉄板サポート係,美化-立ち番-中庭,食品-たこ焼き-デリバリー係,食品-たこ焼き-デリバリー係,美化-立ち番-中庭,食品-たこ焼き-盛り付け係,0
65020,0,0,0,0,0,0,会計-綿あめ,会計-ピロティ4,会計-綿あめ,0,0,食品-綿飴-受け渡し,0,0
65021,0,食品-たこ焼き-IPAD張り付き係,食品-たこ焼き-パッキング係,食品-たこ焼き-盛り付け係,0,0,食品-クロッフル-箱出し,0,0,外務-公道整理-消防団前,外務-フロア整理-3F 高校,0,0,0
65022,0,外務-食品システム-販売列整理,食品-たこ焼き-デリバリー係,食品-たこ焼き-食品受け渡し係,食品-たこ焼き-鉄板サポート係,食品-たこ焼き-食品受け渡し係,外務-食品システム-受渡列最後尾,0,食品-たこ焼き-鉄板係,食品-たこ焼き-鉄板係,外務-ピアノ見張り,食品-たこ焼き-パッキング係,食品-たこ焼き-食品受け渡し係,0
65023,0,0,0,0,0,0,0,0,0,0,0,0,0,0
65024,0,0,0,0,0,0,0,0,0,0,0,0,0,0
65025,0,0,0,0,0,0,0,0,0,0,0,0,0,0
65026,食品-クレープ-受け渡し,食品-クロッフル-受け渡し,0,0,食品-クレープ-トッピング,食品-クロッフル-焼き,食品-クレープ-IPAD,0,食品-クロッフル-シロップ,食品-クレープ-運び屋,食品-クロッフル-輪ゴム,食品-クロッフル-受け渡し,食品-クロッフル-受け渡し,0
65027,0,0,0,0,0,0,0,0,0,0,0,0,0,0
65028,0,外務-総合案内所,0,展示-大賞ペン,0,0,0,0,展示-大賞消毒,外務-食品システム-受渡列整理,展示-大賞スタンプラリー,0,展示-大賞呼びかけ,0
65029,0,0,0,0,0,0,0,0,0,0,0,0,0,0
65030,0,0,0,0,0,0,0,0,0,0,0,0,0,0
65031,0,0,0,0,0,0,0,0,0,0,0,0,0,0
65032,0,0,0,0,0,0,0,0,0,0,0,0,0,0
65033,0,0,0,0,0,0,0,0,0,0,0,会計-ドリンク,0,0
65034,会計-ドリンク,0,0,0,0,0,0,0,0,0,0,会計-宇宙食,0,0
65035,0,0,0,0,0,0,0,0,展示-大賞呼びかけ,0,0,0,展示-大賞スタンプラリー,0
65036,0,0,0,0,0,0,食品-焼き鳥-iPad,0,0,0,展示-大賞消毒,0,食品-焼き鳥-焼き,0
65037,0,展示-大賞スタンプラリー,0,0,0,0,0,0,0,0,0,0,展示-大賞消毒,0
65038,0,0,0,0,0,0,0,0,0,0,0,0,0,0
65039,0,0,0,0,0,外務-フロア整理-4F 高校,0,外務-食品案内（店舗列）-綿飴,0,0,0,0,0,0
65040,食品-クレープ-生地焼き,0,食品-クレープ-生地作り,食品-クレープ-受け渡し,0,0,0,食品-クレープ-生地焼き,食品-クレープ-トッピング,食品-クレープ-トッピング,食品-クレープ-生地焼き,食品-クレープ-トッピング,0,0
65041,0,0,0,0,0,0,0,0,0,0,0,0,0,0
65042,0,0,0,0,0,0,0,0,0,0,0,0,0,0
65043,0,美化-掃除･消毒-2〜4階,0,美化-立ち番-中庭,0,0,0,美化-立ち番-エレベーター前,美化-ゴミ袋回収-2~4階,美化-掃除-BCF階段,0,0,美化-立ち番-エレベーター前,0
65044,展示-大賞ペン,0,0,0,展示-大賞消毒,0,0,0,0,0,展示-大賞呼びかけ,0,0,0
65045,外務-入場受付-第5レーン,0,0,0,0,0,0,0,外務-フロア案内所-3F 高校,0,0,0,0,0
65046,0,食品-クレープ-トッピング,0,0,0,0,0,食品-クレープ-運び屋,食品-クレープ-生地作り,食品-クレープ-運び屋,0,食品-クレープ-トッピング,0,0
65047,0,0,会計-ピロティ4,会計-ピロティ6,会計-クロッフル,0,0,放送-放送受付,0,会計-駅弁,0,0,0,0
65048,0,食品-フランク-焼き,0,会計-ピロティ4,会計-ドリンク,会計-ドリンク,0,0,0,会計-綿あめ,0,0,会計-ピロティ5,0
65049,0,0,食品-クロッフル-受け渡し,放送-アナウンサー,0,0,0,0,0,0,0,0,食品-クロッフル-輪ゴム,0
65050,0,0,0,0,食品-綿飴-作成補助,0,0,食品-綿飴-作成補助,0,0,0,0,0,0
65051,0,0,0,0,外務-フロア整理-4F 中学,0,0,会計-ピロティ6,0,会計-ピロティ4,外務-フロア案内所-2F 職員室前,会計-ピロティ2,0,0
65052,0,0,0,0,0,0,0,0,0,0,0,0,0,0
65053,0,0,0,0,0,0,0,0,0,0,0,0,0,0
65054,食品-綿飴-作成補助,食品-たこ焼き-鉄板係,0,0,0,0,食品-たこ焼き-パッキング係,食品-たこ焼き-デリバリー係,0,食品-たこ焼き-盛り付け係,食品-たこ焼き-食品受け渡し係,食品-綿飴-作成,0,0
65055,0,食品-綿飴-作成,食品-焼き鳥-受け渡し,外務-フロア案内所-4F 高校,0,0,食品-焼き鳥-焼き,外務-フロア整理-3F 中学,食品-綿飴-作成,食品-焼き鳥-焼き,食品-焼き鳥-味付け,食品-焼き鳥-受け渡し,食品-焼き鳥-焼き,0
65056,0,0,0,0,外務-公道整理-クリーニング,会計-執事喫茶,0,0,0,0,0,0,会計-執事喫茶,0
65057,0,0,0,0,0,0,0,0,0,0,0,0,0,0
65058,会計-ピロティ5,0,放送-パーソナリティー,0,0,会計-綿あめ,会計-駅弁,0,0,会計-ピロティ2,放送-アナウンサー,0,会計-ピロティ5,0
65059,食品-クロッフル-焼き,食品-クロッフル-シロップ,0,0,0,0,0,0,0,0,0,食品-クロッフル-箱出し,0,0
65060,会計-執事喫茶,0,0,会計-駅弁,会計-ピロティ4,外務-総合案内所,0,0,0,0,0,0,0,0
65061,0,0,食品-クロッフル-箱出し,0,食品-クロッフル-焼き,食品-クロッフル-箱出し,食品-クロッフル-シロップ,食品-クロッフル-シロップ,0,0,食品-クロッフル-焼き,0,0,0
65062,0,0,0,0,0,0,0,0,0,0,0,0,0,0
65063,0,0,0,0,0,0,0,0,0,0,0,0,0,0
65064,食品-クレープ-運び屋,食品-クレープ-生地作り,食品-クレープ-生地焼き,0,食品-クレープ-受け渡し,0,食品-クレープ-トッピング,食品-クレープ-生地作り,食品-クレープ-トッピング,食品-クレープ-生地焼き,食品-クレープ-運び屋,0,食品-クレープ-トッピング,0
65065,0,会計-宇宙食,0,食品-焼き鳥-補充＆トレイ交換,食品-焼き鳥-焼き,0,会計-ピロティ4,食品-焼き鳥-焼き,0,0,外務-フロア案内所-2F 高校,会計-ピロティ1,食品-焼き鳥-味付け,0
65066,0,0,0,0,0,0,0,0,0,外務-入場受付-第5レーン,0,0,0,0
65067,0,食品-クレープ-IPAD,0,0,食品-クレープ-運び屋,0,会計-執事喫茶,0,会計-クロッフル,食品-クレープ-トッピング,会計-綿あめ,0,0,0
65068,0,0,0,0,美化-掃除-BCF階段,美化-立ち番-エレベーター前,0,0,0,0,美化-立ち番-中庭,0,0,0
65069,0,0,0,0,0,0,0,0,0,0,0,0,0,0
65070,会計-ピロティ5,0,0,0,0,0,0,0,0,会計-執事喫茶,会計-宇宙食,0,会計-クロッフル,0
65071,0,0,0,0,0,0,0,0,0,0,0,0,0,0
65072,0,0,0,0,0,0,0,0,0,0,0,0,0,0
65073,0,0,0,0,0,0,0,0,0,0,0,0,0,0
65074,0,0,0,0,0,0,0,0,0,0,0,0,0,0
65075,0,0,0,0,0,0,0,0,0,0,0,外務-フロア案内所-4F 高校,0,0
65076,0,0,0,0,0,0,0,0,0,0,0,0,0,0
65077,0,0,0,0,0,0,0,0,0,0,0,0,0,0
65078,0,0,0,放送-パーソナリティー,0,0,0,0,0,展示-大賞呼びかけ,展示-大賞呼びかけ,展示-大賞呼びかけ,放送-アナウンサー,0
65079,0,0,0,0,0,0,0,0,0,0,0,0,0,0
65080,美化-掃除･消毒-2〜4階,0,美化-立ち番-出口,美化-掃除･消毒-1階,美化-ゴミ袋回収-1階,0,美化-立ち番-中庭,美化-立ち番-高校棟階段前,美化-立ち番-出口,0,美化-掃除-BCF階段,美化-立ち番-中庭,美化-掃除-ADE階段,0
65081,美化-掃除-ADE階段,美化-掃除-BCF階段,会計-クロッフル,0,会計-ピロティ3,会計-音楽喫茶,美化-立ち番-出口,会計-音楽喫茶,会計-ピロティ2,美化-掃除･消毒-1階,美化-ゴミ袋回収-1階,0,0,0
65082,0,0,0,0,0,0,0,0,0,0,0,0,0,0
65083,0,0,0,0,0,0,0,0,0,0,0,放送-アナウンサー,0,0
65084,0,0,0,0,0,0,放送-放送受付,0,0,0,0,0,0,0
65085,0,0,0,0,0,0,0,0,0,0,0,0,0,0
65086,0,0,0,0,0,0,0,0,0,0,0,0,0,0
65087,0,食品-綿飴-受け渡し,食品-綿飴-作成補助,0,0,0,食品-綿飴-作成,0,0,0,0,0,0,0
65088,0,0,0,0,0,0,0,0,0,0,0,0,0,0
65089,0,0,0,0,0,0,0,0,0,0,0,0,0,0
65090,0,0,0,0,0,0,0,0,0,0,0,0,0,0
65091,美化-立ち番-高校棟階段前,0,0,0,美化-立ち番-中庭,美化-ゴミ袋回収-1階,美化-掃除-BCF階段,美化-ゴミ袋回収-2~4階,0,0,美化-掃除-ADE階段,美化-掃除･消毒-2〜4階,美化-立ち番-中庭,0
65092,0,外務-フロア案内所-2F 高校,0,0,0,0,0,0,0,0,外務-食品システム-販売列先頭,0,0,0
65093,0,0,0,0,0,0,0,0,0,0,0,0,0,0
65094,0,会計-ピロティ4,0,食品-綿飴-作成,0,0,0,0,会計-音楽喫茶,会計-音楽喫茶,0,0,0,0
65095,0,食品-クロッフル-焼き,食品-クロッフル-シロップ,食品-クロッフル-受け渡し,食品-クロッフル-シロップ,0,食品-クロッフル-箱出し,食品-クロッフル-箱出し,食品-ドリンク-受け渡し,0,0,0,食品-ドリンク-受け渡し,0
65096,0,0,会計-駅弁,会計-ピロティ1,食品-クロッフル-シロップ,0,食品-クロッフル-焼き,会計-ピロティ3,会計-ピロティ2,食品-クロッフル-焼き,0,0,0,0
65097,0,0,0,0,0,0,0,0,0,0,0,0,0,0
65098,0,0,0,0,0,0,0,0,0,0,0,0,0,0
65099,0,0,0,0,0,0,0,0,0,0,0,0,0,0
65100,外務-ピアノ見張り,0,外務-食品案内（店舗列）-ドリンク,0,会計-駅弁,0,0,会計-駅弁,0,0,会計-クロッフル,0,0,0
65101,外務-入場受付-第3レーン,0,0,0,0,0,0,0,0,0,0,外務-ピアノ見張り,0,0
65102,0,0,0,0,0,0,0,0,0,0,0,0,0,0
65103,0,0,0,食品-焼き鳥-味付け,0,食品-焼き鳥-iPad,0,0,食品-焼き鳥-焼き,0,食品-焼き鳥-パック詰め,食品-焼き鳥-パック詰め,0,0
65104,0,0,0,0,0,0,0,0,0,0,0,0,0,0
65105,0,0,0,0,0,0,0,0,0,0,0,0,0,0
65106,0,美化-ゴミ袋回収-2~4階,食品-焼き鳥-パック詰め,会計-執事喫茶,食品-焼き鳥-味付け,会計-ピロティ5,食品-焼き鳥-焼き,会計-駅弁,会計-駅弁,会計-ピロティ1,会計-ピロティ6,0,美化-掃除-BCF階段,0
65107,0,0,0,0,0,0,0,0,0,0,0,0,0,0
65108,食品-クロッフル-箱出し,食品-ドリンク-取り出し + 冷やし,食品-ドリンク-受け渡し,食品-ドリンク-整列 + 最後尾,食品-ドリンク-受け渡し,食品-ドリンク-受け渡し,0,食品-クロッフル-焼き,0,食品-ドリンク-注文,食品-クロッフル-箱出し,0,食品-ドリンク-取り出し + 冷やし,0
65109,美化-立ち番-中庭,0,美化-立ち番-エレベーター前,美化-立ち番-高校棟階段前,0,美化-立ち番-出口,美化-ゴミ袋回収-2~4階,0,0,0,0,0,美化-掃除-ADE階段,0
65110,会計-綿あめ,0,0,0,食品-ドリンク-注文,0,食品-ドリンク-受け渡し,0,0,食品-ドリンク-取り出し + 冷やし,0,0,0,0
65111,食品-フランク-受け渡し,食品-焼き鳥-焼き,0,食品-フランク-盛り付け,食品-焼き鳥-運び屋,食品-焼き鳥-補充＆トレイ交換,0,食品-フランク-デリバリー,食品-クロッフル-受け渡し,食品-クロッフル-箱出し,食品-フランク-茹で,0,食品-焼き鳥-焼き,0
65112,食品-ドリンク-取り出し + 冷やし,食品-ドリンク-整列 + 最後尾,食品-ドリンク-注文,美化-立ち番-食券機前,美化-掃除･消毒-2〜4階,食品-ドリンク-整列 + 最後尾,食品-ドリンク-拭き,食品-ドリンク-整列 + 最後尾,0,0,食品-ドリンク-取り出し + 冷やし,食品-ドリンク-注文,0,0
65113,食品-塩焼きそば-キャベツ,0,0,0,食品-塩焼きそば-トッピング,外務-ピアノ見張り,外務-フロア整理-4F 高校,0,0,食品-塩焼きそば-デリバリー,0,外務-公道整理-クリーニング,外務-公道整理-消防団前,0
65114,0,外務-食品システム-受渡列整理,0,0,0,0,外務-食品システム-TVモニター,外務-食品案内（店舗列）-ドリンク,0,0,外務-フロア案内所-4F 高校,0,0,0
65115,放送-PA,会計-ドリンク,食品-ドリンク-整列 + 最後尾,会計-音楽喫茶,食品-ドリンク-受け渡し,放送-アナウンサー,会計-ピロティ3,0,放送-PA,会計-ピロティ6,0,0,放送-放送受付,0
65116,美化-掃除-ADE階段,美化-掃除-BCF階段,外務-食品システム-TVモニター,美化-立ち番-出口,美化-立ち番-出口,0,0,美化-掃除･消毒-1階,0,外務-フロア案内所-3F 高校,美化-掃除-BCF階段,美化-掃除-ADE階段,美化-立ち番-高校棟階段前,0
65117,0,0,0,0,0,0,0,0,0,0,0,0,0,0
65118,0,食品-塩焼きそば-パッキング,0,0,0,0,0,食品-塩焼きそば-受け渡し係,食品-塩焼きそば-受け渡し係,食品-塩焼きそば-パッキング,食品-塩焼きそば-キャベツ,0,食品-塩焼きそば-キャベツ,0
65119,会計-ピロティ3,食品-クロッフル-受け渡し,0,食品-クロッフル-シロップ,会計-ピロティ4,会計-執事喫茶,0,食品-クロッフル-受け渡し,食品-クロッフル-焼き,0,食品-クロッフル-シロップ,会計-ピロティ5,0,0
65120,0,0,0,0,0,0,0,0,0,0,0,0,0,0
65121,0,0,0,0,0,0,0,0,0,0,0,0,0,0
65122,0,0,0,0,0,0,0,0,0,0,0,0,0,0
65123,0,0,0,0,0,0,0,0,0,0,0,0,0,0
65124,0,0,0,0,0,0,0,0,0,0,0,0,0,0
65125,0,0,0,0,0,0,0,0,0,0,0,0,0,0
65126,0,美化-ゴミ袋回収-1階,0,美化-ゴミ袋回収-1階,美化-掃除･消毒-1階,0,0,0,0,0,美化-掃除･消毒-2〜4階,美化-掃除･消毒-1階,美化-掃除-BCF階段,0
65127,食品-塩焼きそば-鉄板,食品-塩焼きそば-デリバリー,0,食品-塩焼きそば-デリバリー,食品-塩焼きそば-書き込み係,0,0,0,食品-塩焼きそば-キャベツ,食品-塩焼きそば-鉄板,0,食品-塩焼きそば-キャベツ,食品-塩焼きそば-受け渡し係,0
65128,0,食品-フランク-IPAD張り付き,0,食品-焼き鳥-運び屋,食品-焼き鳥-味付け,0,0,0,0,食品-焼き鳥-iPad,食品-焼き鳥-受け渡し,0,0,0
65129,0,0,0,0,0,0,0,0,0,0,0,0,0,0
65130,0,0,0,0,0,0,0,0,0,食品-綿飴-受け渡し,0,0,食品-綿飴-受け渡し,0
65131,食品-クレープ-生地焼き,外務-食品システム-受渡列最後尾,0,食品-クレープ-生地作り,0,0,0,0,食品-クレープ-生地焼き,0,0,0,0,0
65132,0,0,0,外務-食品システム-販売列先頭,外務-フロア案内所-4F 中学,0,外務-公道整理-パーキング,0,0,外務-フロア整理-4F 高校,0,0,0,0
65133,食品-塩焼きそば-受け渡し係,食品-塩焼きそば-書き込み係,食品-塩焼きそば-鉄板,食品-塩焼きそば-キャベツ,0,食品-塩焼きそば-受け渡し係,0,食品-塩焼きそば-トッピング,0,0,0,0,0,0
65134,0,食品-クレープ-生地焼き,0,0,食品-クレープ-トッピング,0,0,0,0,0,食品-クレープ-トッピング,食品-クレープ-運び屋,0,0
65135,0,0,0,0,0,0,0,0,0,0,0,0,0,0
65136,0,外務-入場受付-第3レーン,0,0,0,0,0,0,0,0,0,0,0,0
65137,食品-クレープ-運び屋,0,0,0,0,0,食品-クレープ-受け渡し,食品-クレープ-生地作り,食品-クレープ-IPAD,0,0,0,0,0
65138,0,0,0,0,0,0,展示-大賞呼びかけ,0,0,展示-大賞消毒,0,展示-大賞消毒,展示-大賞ペン,0
65139,0,0,0,0,0,0,0,0,0,0,0,0,0,0
65140,0,0,0,0,0,0,0,0,0,0,0,0,0,0
65141,食品-焼き鳥-運び屋,0,食品-焼き鳥-iPad,食品-焼き鳥-補充＆トレイ交換,食品-焼き鳥-パック詰め,外務-公道整理-消防団前,食品-焼き鳥-味付け,0,食品-焼き鳥-焼き,0,0,食品-焼き鳥-受け渡し,食品-焼き鳥-パック詰め,0
65142,0,0,0,0,0,0,0,0,0,0,0,0,0,0
65143,食品-フランク-焼き,食品-フランク-茹で,外務-フロア案内所-4F 中学,展示-大賞スタンプラリー,0,展示-大賞呼びかけ,0,0,食品-フランク-IPAD張り付き,食品-フランク-焼き,外務-総合案内所,0,0,0
65144,0,0,外務-公道整理-栄光ゼミ前,外務-公道整理-消防団前,0,0,0,0,外務-食品案内（店舗列）-綿飴,0,0,0,0,0
65145,0,0,0,0,0,0,0,0,展示-大賞消毒,0,0,0,0,0
65146,0,0,0,0,0,0,0,0,0,0,0,0,0,0
65147,0,外務-フロア案内所-4F 高校,0,外務-フロア案内所-3F 高校,0,0,0,0,外務-食品システム-受渡列整理,0,0,0,外務-公道整理-栄光ゼミ前,0
65148,0,0,0,0,0,0,0,0,0,0,0,0,0,0
65149,0,0,0,0,0,0,0,0,0,0,0,0,0,0
65150,0,外務-食品システム-販売列先頭,0,0,0,外務-フロア案内所-2F 高校,外務-食品システム-販売列整理,外務-ピアノ見張り,0,外務-フロア案内所-4F 中学,0,0,0,0
65151,0,0,0,0,0,0,0,0,0,0,0,0,0,0
65152,0,0,外務-フロア整理-2F 中学,0,0,0,0,0,0,0,0,0,0,0
65153,0,0,0,0,0,0,0,0,0,0,0,0,0,0
65154,0,0,0,0,0,0,0,0,0,0,0,0,0,0
65155,展示-大賞スタンプラリー,展示-大賞ペン,外務-フロア整理-3F 中学,外務-食品案内（店舗列）-ドリンク,0,外務-フロア案内所-3F 高校,展示-大賞ペン,展示-大賞ペン,0,0,展示-大賞ペン,放送-PA,展示-大賞消毒,0
65156,食品-クレープ-トッピング,食品-クレープ-生地作り,0,食品-クレープ-受け渡し,0,0,0,0,0,食品-クレープ-生地作り,0,0,食品-クレープ-生地作り,0
65157,0,0,0,0,0,0,0,0,0,0,0,0,0,0
65158,0,外務-フロア整理-2F 高校,美化-ゴミ袋回収-1階,0,外務-食品システム-TVモニター,0,美化-ゴミ袋回収-1階,外務-フロア案内所-3F 中学,美化-掃除-ADE階段,美化-掃除･消毒-2〜4階,0,美化-掃除･消毒-2〜4階,0,0
65159,0,0,美化-掃除-BCF階段,美化-立ち番-エレベーター前,美化-掃除-ADE階段,0,美化-立ち番-食券機前,美化-掃除･消毒-2〜4階,美化-掃除-BCF階段,0,0,美化-立ち番-食券機前,美化-立ち番-出口,0
65160,0,0,0,0,0,0,0,0,0,0,0,0,0,0
65161,0,食品-綿飴-作成補助,0,0,0,0,0,0,0,食品-綿飴-作成,0,0,食品-綿飴-作成補助,0
65162,0,会計-執事喫茶,会計-ピロティ2,0,0,0,0,会計-綿あめ,0,0,会計-ドリンク,0,0,0
65163,0,0,0,0,放送-PA,0,0,0,0,0,0,0,0,0
65164,食品-クロッフル-箱出し,食品-クロッフル-焼き,0,0,食品-クロッフル-箱出し,食品-クロッフル-受け渡し,食品-クロッフル-受け渡し,0,0,0,0,食品-クロッフル-焼き,食品-クロッフル-輪ゴム,0
65165,美化-立ち番-食券機前,0,美化-立ち番-高校棟階段前,0,0,美化-立ち番-食券機前,0,美化-掃除･消毒-2〜4階,美化-掃除-ADE階段,美化-掃除･消毒-2〜4階,0,0,0,0
65166,0,0,0,0,0,外務-総合案内所,0,0,0,0,0,外務-フロア整理-4F 高校,0,0
65167,食品-クレープ-生地焼き,外務-フロア案内所-2F 中学,外務-公道整理-パーキング,食品-クレープ-トッピング,0,0,外務-フロア案内所-2F 中学,食品-クレープ-受け渡し,0,0,食品-クレープ-受け渡し,食品-クレープ-運び屋,0,0
65168,0,0,0,0,0,0,0,0,0,0,0,0,0,0
65169,食品-フランク-盛り付け,食品-フランク-受け渡し,展示-大賞ペン,食品-フランク-IPAD張り付き,食品-フランク-デリバリー,食品-フランク-受け渡し,0,0,0,食品-フランク-IPAD張り付き,0,0,食品-フランク-焼き,0
65170,0,展示-大賞ペン,外務-フロア案内所-2F 高校,外務-入場受付-第4レーン,0,展示-大賞ペン,0,外務-食品システム-受渡列最後尾,展示-大賞スタンプラリー,外務-食品システム-受渡列最後尾,0,展示-大賞ペン,0,0
65171,0,0,美化-掃除･消毒-1階,0,美化-ゴミ袋回収-1階,美化-掃除･消毒-1階,美化-掃除-ADE階段,0,美化-立ち番-中庭,0,美化-掃除･消毒-1階,美化-立ち番-エレベーター前,美化-ゴミ袋回収-2~4階,0
65172,0,0,0,0,0,0,0,0,0,0,0,0,0,0
65173,0,0,0,0,0,0,0,0,0,0,0,0,0,0
65174,美化-掃除･消毒-1階,美化-立ち番-エレベーター前,美化-掃除-ADE階段,美化-ゴミ袋回収-2~4階,食品-クレープ-生地作り,美化-掃除･消毒-2〜4階,美化-ゴミ袋回収-1階,0,美化-掃除･消毒-2〜4階,美化-立ち番-出口,美化-立ち番-中庭,食品-クレープ-生地作り,食品-クレープ-トッピング,0
65175,0,会計-クロッフル,外務-食品案内（店舗列）-綿飴,外務-入場受付-第5レーン,外務-フロア案内所-3F 中学,0,0,会計-宇宙食,0,0,0,0,0,0
65176,0,0,0,0,0,0,0,0,0,0,0,0,0,0
65177,0,0,食品-綿飴-受け渡し,食品-綿飴-受け渡し,食品-綿飴-受け渡し,0,食品-綿飴-受け渡し,0,0,食品-綿飴-作成補助,0,0,0,0
65178,0,0,0,0,0,0,0,0,0,0,0,0,0,0
65179,0,0,0,0,0,放送-放送受付,0,0,0,0,放送-PA,0,0,0
65180,0,0,0,0,0,0,0,0,0,0,0,0,0,0
65181,食品-クロッフル-受け渡し,0,食品-クロッフル-焼き,0,0,食品-クロッフル-箱出し,食品-ドリンク-取り出し + 冷やし,食品-クロッフル-受け渡し,食品-ドリンク-整列 + 最後尾,食品-クロッフル-焼き,食品-クロッフル-焼き,0,食品-ドリンク-注文,0
65182,0,0,0,外務-フロア案内所-2F 職員室前,0,0,0,外務-フロア整理-3F 高校,0,0,0,0,0,0
65183,食品-クレープ-生地作り,0,放送-放送受付,食品-クレープ-生地作り,食品-クレープ-生地作り,0,食品-クレープ-運び屋,放送-アナウンサー,放送-放送受付,食品-クレープ-受け渡し,食品-クレープ-生地作り,0,0,0
65184,0,0,0,0,0,0,0,0,0,0,0,0,0,0
65185,0,0,0,0,0,0,0,0,0,0,0,0,0,0
65186,0,0,0,0,0,0,0,0,0,0,0,0,0,0
65187,0,0,0,外務-フロア案内所-2F 中学,0,0,外務-入場受付-第3レーン,0,0,0,0,0,0,0
65188,0,0,0,0,0,0,0,0,0,0,0,0,0,0
65189,0,0,0,0,0,0,0,0,0,0,0,0,0,0
65190,0,0,0,0,0,0,0,0,0,0,0,外務-フロア整理-3F 高校,0,0
65191,0,0,0,0,外務-総合案内所,外務-フロア整理-4F 中学,0,0,0,0,0,0,0,0
65192,0,0,0,0,0,0,0,0,放送-アナウンサー,放送-アナウンサー,0,0,放送-PA,0
65193,0,0,0,0,0,0,0,0,0,0,0,0,0,0
65194,0,0,0,0,0,0,0,0,0,0,0,0,0,0
65195,0,0,0,0,0,0,0,0,0,0,0,0,0,0
65196,0,0,0,0,0,0,0,0,0,0,0,0,0,0
65197,0,外務-食品システム-受渡列整理,0,0,食品-塩焼きそば-キャベツ,0,食品-塩焼きそば-パッキング,食品-塩焼きそば-具材投入,食品-塩焼きそば-鉄板,食品-塩焼きそば-キャベツ,0,0,0,0
65198,0,0,0,0,0,0,0,0,0,0,0,0,0,0
65199,食品-綿飴-作成補助,0,食品-綿飴-作成,0,0,外務-入場受付-第5レーン,0,外務-入場受付-第3レーン,0,外務-フロア案内所-3F 中学,0,0,0,0
65200,0,0,0,0,0,0,0,0,0,0,0,0,0,0
65201,外務-フロア整理-2F 中学,0,食品-クロッフル-受け渡し,0,0,0,0,0,0,0,0,食品-クロッフル-シロップ,0,0
65202,0,0,0,0,0,0,0,0,0,0,0,0,0,0
65203,0,0,0,0,0,0,0,0,0,0,0,0,0,0
65204,0,0,0,0,0,0,0,0,0,0,0,0,0,0
65205,0,0,0,0,0,0,0,0,0,0,0,0,0,0
65206,0,食品-クロッフル-箱出し,0,食品-クロッフル-焼き,食品-クロッフル-箱出し,0,0,食品-クロッフル-焼き,食品-クロッフル-受け渡し,食品-クロッフル-受け渡し,食品-クロッフル-シロップ,食品-クロッフル-シロップ,0,0
65207,0,0,0,0,0,0,0,0,0,0,0,0,0,0
65208,食品-フランク-焼き,0,0,0,0,0,食品-フランク-盛り付け,食品-フランク-IPAD張り付き,0,食品-フランク-盛り付け,0,0,0,0
65209,0,0,0,0,0,0,0,0,0,0,0,0,0,0
65210,0,0,0,0,0,0,0,0,0,0,0,0,0,0
65211,0,0,0,0,0,外務-フロア案内所-4F 高校,0,0,0,0,0,0,0,0
65212,0,食品-塩焼きそば-具材投入,0,0,0,0,食品-塩焼きそば-受け渡し係,0,食品-塩焼きそば-鉄板,食品-塩焼きそば-受け渡し係,0,0,0,0
65213,食品-綿飴-作成,外務-食品システム-販売列整理,0,0,外務-公道整理-栄光ゼミ前,0,外務-総合案内所,0,0,外務-フロア案内所-4F 高校,0,0,0,0
65214,0,0,0,0,0,0,0,0,0,0,0,0,0,0
65215,0,0,0,0,0,0,0,0,0,0,0,0,0,0
65216,0,0,0,0,0,0,0,0,0,0,0,0,0,0
65217,0,0,0,0,0,0,0,0,0,0,0,0,0,0
65218,0,0,0,0,0,0,0,0,0,0,0,0,0,0
65219,食品-ドリンク-注文,0,食品-ドリンク-取り出し + 冷やし,食品-ドリンク-取り出し + 冷やし,食品-クロッフル-受け渡し,0,食品-クロッフル-受け渡し,食品-ドリンク-拭き,0,食品-クロッフル-受け渡し,食品-焼き鳥-焼き,0,食品-焼き鳥-補充＆トレイ交換,0
65220,0,0,0,0,0,0,0,0,0,0,0,0,0,0
65221,0,0,放送-PA,0,0,0,0,0,0,0,0,0,0,0
65222,0,0,0,0,0,0,0,0,0,0,0,0,0,0
65223,0,0,0,0,外務-フロア案内所-3F 高校,0,0,0,0,0,0,0,0,0
65224,0,0,0,0,食品-フランク-受け渡し,0,0,0,0,0,0,0,0,0
65225,0,0,食品-クレープ-トッピング,0,食品-クレープ-IPAD,0,食品-クレープ-生地作り,0,0,0,食品-クレープ-トッピング,0,0,0
65226,0,食品-フランク-デリバリー,食品-クロッフル-シロップ,食品-クロッフル-箱出し,食品-フランク-IPAD張り付き,0,0,0,0,食品-フランク-盛り付け,食品-クロッフル-箱出し,食品-フランク-受け渡し,食品-フランク-盛り付け,0
65227,0,0,0,0,0,0,0,0,0,0,0,0,0,0
65228,放送-パーソナリティー,放送-PA,0,0,0,0,0,放送-PA,0,0,0,0,0,0
65230,0,0,0,0,0,0,0,0,0,0,0,0,0,0
65231,0,0,0,0,0,0,0,0,0,0,0,0,0,0
65232,会計-綿あめ,0,0,0,会計-ピロティ5,0,0,0,0,0,食品-クロッフル-受け渡し,会計-ピロティ4,食品-クロッフル-焼き,0
